Ubigeo|Departamento|Provincia|Distrito|Nombre de la Municipalidad|Dirección
010101|AMAZONAS|CHACHAPOYAS|CHACHAPOYAS|MUNICIPALIDAD PROVINCIAL DE CHACHAPOYAS|Jr. Ortíz Arrieta N° 588
010102|AMAZONAS|CHACHAPOYAS|ASUNCIÓN|MUNICIPALIDAD DISTRITAL DE ASUNCIÓN|Calle Nicarmal S/N
010103|AMAZONAS|CHACHAPOYAS|BALSAS|MUNICIPALIDAD DISTRITAL DE BALSAS|Av. Marañón N° 565
010104|AMAZONAS|CHACHAPOYAS|CHETO|MUNICIPALIDAD DISTRITAL DE CHETO|Jr. Unión S/N
010105|AMAZONAS|CHACHAPOYAS|CHILIQUÍN|MUNICIPALIDAD DISTRITAL DE CHILIQUÍN|Calle San Martín S/N - Plaza de Armas Vituya
010106|AMAZONAS|CHACHAPOYAS|CHUQUIBAMBA|MUNICIPALIDAD DISTRITAL DE CHUQUIBAMBA|Jr. San Martín S/N Mz. 30 Lt. 5
010107|AMAZONAS|CHACHAPOYAS|GRANADA|MUNICIPALIDAD DISTRITAL DE GRANADA|Jr. Tupac Amaru S/N - Plaza de Armas
010108|AMAZONAS|CHACHAPOYAS|HUANCAS|MUNICIPALIDAD DISTRITAL DE HUANCAS|Jr. José Olaya N° 103
010109|AMAZONAS|CHACHAPOYAS|LA JALCA|MUNICIPALIDAD DISTRITAL DE LA JALCA|Av. Alonso de Alvarado N° 750
010110|AMAZONAS|CHACHAPOYAS|LEIMEBAMBA|MUNICIPALIDAD DISTRITAL DE LEIMEBAMBA|Jr. Sucre N° 121
010111|AMAZONAS|CHACHAPOYAS|LEVANTO|MUNICIPALIDAD DISTRITAL DE LEVANTO|Jr. Alonso de Alvarado N° 211 Mz. 2 Lt. 1 Km. 110
010112|AMAZONAS|CHACHAPOYAS|MAGDALENA|MUNICIPALIDAD DISTRITAL DE MAGDALENA|Jr. Porvenir N° 311 Mz. 10 Lt. 1
010113|AMAZONAS|CHACHAPOYAS|MARISCAL CASTILLA|MUNICIPALIDAD DISTRITAL DE MARISCAL CASTILLA|Jr. Limatambo N° 245
010114|AMAZONAS|CHACHAPOYAS|MOLINOPAMPA|MUNICIPALIDAD DISTRITAL DE MOLINOPAMPA|Jr. 5 de Febrero N° 306 - Plaza de Armas
010115|AMAZONAS|CHACHAPOYAS|MONTEVIDEO|MUNICIPALIDAD DISTRITAL DE MONTEVIDEO|Jr. Tranquilidad S/N
010116|AMAZONAS|CHACHAPOYAS|OLLEROS|MUNICIPALIDAD DISTRITAL DE OLLEROS|Jr. San Martín S/N Mz. 1 Lt. 1 - Plaza de Armas
010117|AMAZONAS|CHACHAPOYAS|QUINJALCA|MUNICIPALIDAD DISTRITAL DE QUINJALCA|Jr. Triunfo S/N - Plaza de Armas
010118|AMAZONAS|CHACHAPOYAS|SAN FRANCISCO DE DAGUAS|MUNICIPALIDAD DISTRITAL DE SAN FRANCISCO DE DAGUAS|Av. Pipus N° 716 Km. 27
010119|AMAZONAS|CHACHAPOYAS|SAN ISIDRO DE MAINO|MUNICIPALIDAD DISTRITAL DE SAN ISIDRO DE MAINO|Jr. Amazonas N° 374
010120|AMAZONAS|CHACHAPOYAS|SOLOCO|MUNICIPALIDAD DISTRITAL DE SOLOCO|Calle Francisco Pizarro S/N
010121|AMAZONAS|CHACHAPOYAS|SONCHE|MUNICIPALIDAD DISTRITAL DE SONCHE|Jr. Simón Bolívar S/N - Plaza de Armas
010201|AMAZONAS|BAGUA|BAGUA|MUNICIPALIDAD PROVINCIAL DE BAGUA|Av. Héroes del Cenepa N° 1060
010202|AMAZONAS|BAGUA|ARAMANGO|MUNICIPALIDAD DISTRITAL DE ARAMANGO|Av. 28 de Julio N° 339
010203|AMAZONAS|BAGUA|COPALLÍN|MUNICIPALIDAD DISTRITAL DE COPALLÍN|Jr. Garcilazo de La Vega N° 321 Mz. 17 Lt. 1
010204|AMAZONAS|BAGUA|EL PARCO|MUNICIPALIDAD DISTRITAL DE EL PARCO|Jr. Amazonas N° 221 Mz. 16 Lt. 8
010205|AMAZONAS|BAGUA|IMAZA|MUNICIPALIDAD DISTRITAL DE IMAZA|Av. Awajun N° 751
010206|AMAZONAS|BAGUA|LA PECA|MUNICIPALIDAD DISTRITAL DE LA PECA|Av. Independencia N° 619 Mz. 52 Lt. 2
010301|AMAZONAS|BONGARÁ|JUMBILLA|MUNICIPALIDAD PROVINCIAL DE JUMBILLA|Jr. Garcilaso de La Vega N° 355
010302|AMAZONAS|BONGARÁ|CHISQUILLA|MUNICIPALIDAD DISTRITAL DE CHISQUILLA|Plaza de Armas S/N
010303|AMAZONAS|BONGARÁ|CHURUJA|MUNICIPALIDAD DISTRITAL DE CHURUJA|Plaza de Armas S/N
010304|AMAZONAS|BONGARÁ|COROSHA|MUNICIPALIDAD DISTRITAL DE COROSHA|Jr. San Lucas S/N Mz. 5 Lt. 2 Km. 10
010305|AMAZONAS|BONGARÁ|CUISPES|MUNICIPALIDAD DISTRITAL DE CUISPES|Jr. Unión N° 266 - Plaza de Armas
010306|AMAZONAS|BONGARÁ|FLORIDA|MUNICIPALIDAD DISTRITAL DE FLORIDA|Jr. Florida N° 501 Mz. 41 Lt. 8
010307|AMAZONAS|BONGARÁ|JAZÁN|MUNICIPALIDAD DISTRITAL DE JAZÁN|Av. Marginal N° 172 Mz. 25 Lt. 2
010308|AMAZONAS|BONGARÁ|RECTA|MUNICIPALIDAD DISTRITAL DE RECTA|Jr. San Martín S/N
010309|AMAZONAS|BONGARÁ|SAN CARLOS|MUNICIPALIDAD DISTRITAL DE SAN CARLOS|Calle Santa Catalina S/N
010310|AMAZONAS|BONGARÁ|SHIPASBAMBA|MUNICIPALIDAD DISTRITAL DE SHIPASBAMBA|Jr. Progreso N° 382
010311|AMAZONAS|BONGARÁ|VALERA|MUNICIPALIDAD DISTRITAL DE VALERA|Av. Gocta S/N
010312|AMAZONAS|BONGARÁ|YAMBRASBAMBA|MUNICIPALIDAD DISTRITAL DE YAMBRASBAMBA|Jr. Angelino Culquitón N° 195 Mz. 10 Lt. 1 - Plaza de Armas
010401|AMAZONAS|CONDORCANQUI|NIEVA|MUNICIPALIDAD PROVINCIAL DE NIEVA|Jr. Gonzalo Puerta N° 1000
010402|AMAZONAS|CONDORCANQUI|EL CENEPA|MUNICIPALIDAD DISTRITAL DE EL CENEPA|Jr. Sentamai N° 201
010403|AMAZONAS|CONDORCANQUI|RÍO SANTIAGO|MUNICIPALIDAD DISTRITAL DE RÍO SANTIAGO|Av. Zacarías S/N Mz. 10 Lt. 2
010501|AMAZONAS|LUYA|LÁMUD|MUNICIPALIDAD PROVINCIAL DE LÁMUD|Jr. Miguel Grau N° 528
010502|AMAZONAS|LUYA|CAMPORREDONDO|MUNICIPALIDAD DISTRITAL DE CAMPORREDONDO|Jr. José Santos Chocano S/N
010503|AMAZONAS|LUYA|COCABAMBA|MUNICIPALIDAD DISTRITAL DE COCABAMBA|Calle Cementerio S/N
010504|AMAZONAS|LUYA|COLCAMAR|MUNICIPALIDAD DISTRITAL DE COLCAMAR|Jr. 28 de Julio S/N Mz. 15 Lt. 1 - Plaza de Armas
010505|AMAZONAS|LUYA|CONILA|MUNICIPALIDAD DISTRITAL DE CONILA|Jr. Bolognesi S/N Mz. 28 Lt. 1
010506|AMAZONAS|LUYA|INGUILPATA|MUNICIPALIDAD DISTRITAL DE INGUILPATA|Jr. San Isidro S/N Mz. 1 Lt. 1 Km. 1 - Plaza de Armas
010507|AMAZONAS|LUYA|LONGUITA|MUNICIPALIDAD DISTRITAL DE LONGUITA|Av. San Martín S/N - Plaza de Armas
010508|AMAZONAS|LUYA|LONYA CHICO|MUNICIPALIDAD DISTRITAL DE LONYA CHICO|Jr. Ortíz Arrieta S/N - Plaza de Armas
010509|AMAZONAS|LUYA|LUYA|MUNICIPALIDAD DISTRITAL DE LUYA|Jr. Diego Mori Zuta N° 447
010510|AMAZONAS|LUYA|LUYA VIEJO|MUNICIPALIDAD DISTRITAL DE LUYA VIEJO|Jr. Progreso S/N
010511|AMAZONAS|LUYA|MARÍA|MUNICIPALIDAD DISTRITAL DE MARÍA|Jr. Bolognesi S/N
010512|AMAZONAS|LUYA|OCALLI|MUNICIPALIDAD DISTRITAL DE OCALLI|Av. Libertad N° 598
010513|AMAZONAS|LUYA|OCUMAL|MUNICIPALIDAD DISTRITAL DE OCUMAL|Jr. Amazonas S/N
010514|AMAZONAS|LUYA|PISUQUIA|MUNICIPALIDAD DISTRITAL DE PISUQUIA|Plaza de Armas S/N
010515|AMAZONAS|LUYA|PROVIDENCIA|MUNICIPALIDAD DISTRITAL DE PROVIDENCIA|Calle Glorioso Vega S/N
010516|AMAZONAS|LUYA|SAN CRISTÓBAL|MUNICIPALIDAD DISTRITAL DE SAN CRISTÓBAL|Jr. Bongará S/N
010517|AMAZONAS|LUYA|SAN FRANCISCO DEL YESO|MUNICIPALIDAD DISTRITAL DE SAN FRANCISCO DEL YESO|Jr. Simón Bolívar S/N
010518|AMAZONAS|LUYA|SAN JERÓNIMO SAN JUAN DE|MUNICIPALIDAD DISTRITAL DE SAN JERÓNIMO|Av. 22 de Noviembre N° 227 Jr. Mirador del Valle
010519|AMAZONAS|LUYA|LOPECANCHA|MUNICIPALIDAD DISTRITAL DE SAN JUAN DE LOPECANCHA|Utcubamba N° 150 - Plaza de Armas
010520|AMAZONAS|LUYA|SANTA CATALINA|MUNICIPALIDAD DISTRITAL DE SANTA CATALINA|Jr. Comercio S/N
010521|AMAZONAS|LUYA|SANTO TOMÁS|MUNICIPALIDAD DISTRITAL DE SANTO TOMÁS|Jr. San Martín N° 351
010522|AMAZONAS|LUYA|TINGO|MUNICIPALIDAD DISTRITAL DE TINGO|Jr. Kuelap N° 454 Mz. 15 Lt. 3
010523|AMAZONAS|LUYA|TRITA|MUNICIPALIDAD DISTRITAL DE TRITA|Jr. Progreso S/N
010601|AMAZONAS|RODRÍGUEZ DE MENDOZA|SAN NICOLÁS|MUNICIPALIDAD PROVINCIAL DE SAN NICOLÁS|Jr. Matiaza Rimachi N° 510
010602|AMAZONAS|RODRÍGUEZ DE MENDOZA|CHIRIMOTO|MUNICIPALIDAD DISTRITAL DE CHIRIMOTO|Plaza de Armas S/N
010603|AMAZONAS|RODRÍGUEZ DE MENDOZA|COCHAMAL|MUNICIPALIDAD DISTRITAL DE COCHAMAL|Jr. San Martín S/N
010604|AMAZONAS|RODRÍGUEZ DE MENDOZA|HUAMBO|MUNICIPALIDAD DISTRITAL DE HUAMBO|Jr. Porvenir N° 421 Mz. 13 Lt. 11
010605|AMAZONAS|RODRÍGUEZ DE MENDOZA|LIMABAMBA|MUNICIPALIDAD DISTRITAL DE LIMABAMBA|Jr. Andrea Ortega N° 206
010606|AMAZONAS|RODRÍGUEZ DE MENDOZA|LONGAR|MUNICIPALIDAD DISTRITAL DE LONGAR|Jr. Hermanos Vargas S/N
010607|AMAZONAS|RODRÍGUEZ DE MENDOZA|MARISCAL BENAVIDES|MUNICIPALIDAD DISTRITAL DE MARISCAL BENAVIDES|Av. San Nicolás N° 299 Mz. 1 Lt. 15
010608|AMAZONAS|RODRÍGUEZ DE MENDOZA|MILPUC|MUNICIPALIDAD DISTRITAL DE MILPUC|Av. Amazonas S/N
010609|AMAZONAS|RODRÍGUEZ DE MENDOZA|OMIA|MUNICIPALIDAD DISTRITAL DE OMIA|Av. Virgen del Rosario N° 245 - Plaza de Armas
010610|AMAZONAS|RODRÍGUEZ DE MENDOZA|SANTA ROSA|MUNICIPALIDAD DISTRITAL DE SANTA ROSA|Jr. Martínez de Compañón S/N
010611|AMAZONAS|RODRÍGUEZ DE MENDOZA|TOTORA|MUNICIPALIDAD DISTRITAL DE TOTORA|Jr. Carolina Portocarrero S/N - Plaza de Armas
010612|AMAZONAS|RODRÍGUEZ DE MENDOZA|VISTA ALEGRE|MUNICIPALIDAD DISTRITAL DE VISTA ALEGRE|Av. Haya De La Torre con Jr. Los Traucos S/N
010701|AMAZONAS|UTCUBAMBA|BAGUA GRANDE|MUNICIPALIDAD PROVINCIAL DE BAGUA GRANDE|Jr. Angamos N° 349 Mz. Pn2 Lt. 14 Km. 2
010702|AMAZONAS|UTCUBAMBA|CAJARURO|MUNICIPALIDAD DISTRITAL DE CAJARURO|Jr. San Miguel N° 650 Mz. O Lt. 4
010703|AMAZONAS|UTCUBAMBA|CUMBA|MUNICIPALIDAD DISTRITAL DE CUMBA|Av. San Pedro N° 1059
010704|AMAZONAS|UTCUBAMBA|EL MILAGRO|MUNICIPALIDAD DISTRITAL DE EL MILAGRO|Jr. Lambayeque N° 183 Mz. B Lt. 3
010705|AMAZONAS|UTCUBAMBA|JAMALCA|MUNICIPALIDAD DISTRITAL DE JAMALCA|Jr. San Martín S/N
010706|AMAZONAS|UTCUBAMBA|LONYA GRANDE|MUNICIPALIDAD DISTRITAL DE LONYA GRANDE|Jr. Dos de Mayo N° 256
010707|AMAZONAS|UTCUBAMBA|YAMÓN|MUNICIPALIDAD DISTRITAL DE YAMÓN|Jr. San Antonio S/N
020101|ÁNCASH|HUARAZ|HUARAZ|MUNICIPALIDAD PROVINCIAL DE HUARAZ|Av. Mariscal Toribio de Luzuriaga N° 734
020102|ÁNCASH|HUARAZ|COCHABAMBA|MUNICIPALIDAD DISTRITAL DE COCHABAMBA|Plaza de Armas S/N
020103|ÁNCASH|HUARAZ|COLCABAMBA|MUNICIPALIDAD DISTRITAL DE COLCABAMBA|Plaza de Armas S/N
020104|ÁNCASH|HUARAZ|HUANCHAY|MUNICIPALIDAD DISTRITAL DE HUANCHAY|Plaza de Armas S/N
020105|ÁNCASH|HUARAZ|INDEPENDENCIA|MUNICIPALIDAD DISTRITAL DE INDEPENDENCIA|Jr. Pablo Patrón N° 257
020106|ÁNCASH|HUARAZ|JANGAS|MUNICIPALIDAD DISTRITAL DE JANGAS|Plaza de Armas S/N
020107|ÁNCASH|HUARAZ|LA LIBERTAD|MUNICIPALIDAD DISTRITAL DE LA LIBERTAD|Plaza de Armas S/N
020108|ÁNCASH|HUARAZ|OLLEROS|MUNICIPALIDAD DISTRITAL DE OLLEROS|Av. Dagoberto Cáceres N° 117
020109|ÁNCASH|HUARAZ|PAMPAS GRANDE|MUNICIPALIDAD DISTRITAL DE PAMPAS GRANDE|Plaza de Armas S/N
020110|ÁNCASH|HUARAZ|PARIACOTO|MUNICIPALIDAD DISTRITAL DE PARIACOTO|Jr. Miguel A. Morán N° 304
020111|ÁNCASH|HUARAZ|PIRA|MUNICIPALIDAD DISTRITAL DE PIRA|Plaza de Armas S/N
020112|ÁNCASH|HUARAZ|TARICA|MUNICIPALIDAD DISTRITAL DE TARICA|Plaza de Armas N° 2 Mz. N Lt. 15 Km. 17
020201|ÁNCASH|AIJA|AIJA|MUNICIPALIDAD PROVINCIAL DE AIJA|Plaza de Armas S/N
020202|ÁNCASH|AIJA|CORIS|MUNICIPALIDAD DISTRITAL DE CORIS|Av. San Pedro S/N Mz. R Lt. 5
020203|ÁNCASH|AIJA|HUACLLÁN|MUNICIPALIDAD DISTRITAL DE HUACLLÁN|Av. Santiago Antúnez de Mayolo S/N
020204|ÁNCASH|AIJA|LA MERCED|MUNICIPALIDAD DISTRITAL DE LA MERCED|Plaza de Armas S/N
020205|ÁNCASH|AIJA|SUCCHA|MUNICIPALIDAD DISTRITAL DE SUCCHA|Plaza de Armas N° 320
020301|ÁNCASH|ANTONIO RAYMONDI|LLAMELLÍN|MUNICIPALIDAD PROVINCIAL DE LLAMELLÍN|Plaza de Armas N° 120
020302|ÁNCASH|ANTONIO RAYMONDI|ACZO|MUNICIPALIDAD DISTRITAL DE ACZO|Plaza de Armas S/N
020303|ÁNCASH|ANTONIO RAYMONDI|CHACCHO|MUNICIPALIDAD DISTRITAL DE CHACCHO|Plaza de Armas S/N
020304|ÁNCASH|ANTONIO RAYMONDI|CHINGAS|MUNICIPALIDAD DISTRITAL DE CHINGAS|Av. Túpac Amaru S/N
020305|ÁNCASH|ANTONIO RAYMONDI|MIRGAS|MUNICIPALIDAD DISTRITAL DE MIRGAS|Plaza de Armas S/N
020306|ÁNCASH|ANTONIO RAYMONDI|SAN JUAN DE RONTOY|MUNICIPALIDAD DISTRITAL DE SAN JUAN DE RONTOY|Av. Antonio Raimondi S/N - Plaza de Armas
020401|ÁNCASH|ASUNCIÓN|CHACAS|MUNICIPALIDAD PROVINCIAL DE CHACAS|Jr. Lima S/N - Plaza de Armas
020402|ÁNCASH|ASUNCIÓN|ACOCHACA|MUNICIPALIDAD DISTRITAL DE ACOCHACA|Plaza de Armas S/N
020501|ÁNCASH|BOLOGNESI|CHIQUIÁN|MUNICIPALIDAD PROVINCIAL DE CHIQUIÁN|Jr. 2 de Mayo N° 901 Mz. D3 Lt. 1 Km. 154
020502|ÁNCASH|BOLOGNESI|ABELARDO PARDO LEZAMETA|MUNICIPALIDAD DISTRITAL DE ABELARDO PARDO LEZAMETA|Plaza de Armas S/N
020503|ÁNCASH|BOLOGNESI|ANTONIO RAYMONDI|MUNICIPALIDAD DISTRITAL DE ANTONIO RAYMONDI|Plaza de Armas S/N
020504|ÁNCASH|BOLOGNESI|AQUIA|MUNICIPALIDAD DISTRITAL DE AQUIA|Plaza de Armas S/N
020505|ÁNCASH|BOLOGNESI|CAJACAY|MUNICIPALIDAD DISTRITAL DE CAJACAY|Av. Andrés Avelino Cáceres N° 184
020506|ÁNCASH|BOLOGNESI|CANIS|MUNICIPALIDAD DISTRITAL DE CANIS|Jr. Los Olivos S/N
020507|ÁNCASH|BOLOGNESI|COLQUIOC|MUNICIPALIDAD DISTRITAL DE COLQUIOC|Av. Ricardo Palma S/N
020508|ÁNCASH|BOLOGNESI|HUALLANCA|MUNICIPALIDAD DISTRITAL DE HUALLANCA|Jr. Arequipa S/N
020509|ÁNCASH|BOLOGNESI|HUASTA|MUNICIPALIDAD DISTRITAL DE HUASTA|Jr. Bolognesi N° 125 Mz. C Lt. D Km. 11
020510|ÁNCASH|BOLOGNESI|HUAYLLACAYÁN|MUNICIPALIDAD DISTRITAL DE HUAYLLACAYÁN|Jr. 2 de Mayo S/N - Plaza de Armas
020511|ÁNCASH|BOLOGNESI|LA PRIMAVERA|MUNICIPALIDAD DISTRITAL DE LA PRIMAVERA|Plaza de Armas S/N
020512|ÁNCASH|BOLOGNESI|MANGAS|MUNICIPALIDAD DISTRITAL DE MANGAS|Calle 28 de Julio S/N
020513|ÁNCASH|BOLOGNESI|PACLLÓN|MUNICIPALIDAD DISTRITAL DE PACLLÓN|Jr. Miguel Grau S/N Mz. P Lt. 7
020514|ÁNCASH|BOLOGNESI|SAN MIGUEL DE CORPANQUI|MUNICIPALIDAD DISTRITAL DE SAN MIGUEL DE CORPANQUI|Plaza de Armas S/N
020515|ÁNCASH|BOLOGNESI|TICLLOS|MUNICIPALIDAD DISTRITAL DE TICLLOS|Plaza de Armas S/N
020601|ÁNCASH|CARHUAZ|CARHUAZ|MUNICIPALIDAD PROVINCIAL DE CARHUAZ|Av. La Merced N° 653 Mz. K Lt. 12
020602|ÁNCASH|CARHUAZ|ACOPAMPA|MUNICIPALIDAD DISTRITAL DE ACOPAMPA|Plaza de Armas S/N
020603|ÁNCASH|CARHUAZ|AMASHCA|MUNICIPALIDAD DISTRITAL DE AMASHCA|Calle Nueva S/N - Plaza de Armas
020604|ÁNCASH|CARHUAZ|ANTA|MUNICIPALIDAD DISTRITAL DE ANTA|Plaza de Armas S/N
020605|ÁNCASH|CARHUAZ|ATAQUERO|MUNICIPALIDAD DISTRITAL DE ATAQUERO|Plaza de Armas Carhuac S/N
020606|ÁNCASH|CARHUAZ|MARCARÁ|MUNICIPALIDAD DISTRITAL DE MARCARÁ|Plaza de Armas S/N
020607|ÁNCASH|CARHUAZ|PARIAHUANCA|MUNICIPALIDAD DISTRITAL DE PARIAHUANCA|Plaza de Armas S/N
020608|ÁNCASH|CARHUAZ|SAN MIGUEL DE ACO|MUNICIPALIDAD DISTRITAL DE SAN MIGUEL DE ACO|Plaza de Armas S/N
020609|ÁNCASH|CARHUAZ|SHILLA|MUNICIPALIDAD DISTRITAL DE SHILLA|Plaza de Armas S/N
020610|ÁNCASH|CARHUAZ|TINCO|MUNICIPALIDAD DISTRITAL DE TINCO|Plaza de Armas N° 115
020611|ÁNCASH|CARHUAZ|YUNGAR|MUNICIPALIDAD DISTRITAL DE YUNGAR|Plaza de Armas S/N
020701|ÁNCASH|CARLOS FERMIN|SAN LUIS|MUNICIPALIDAD PROVINCIAL DE SAN LUIS|Jr. Fitzcarrald N° 504 - Plaza de Armas
020702|ÁNCASH|CARLOS FERMIN|SAN NICOLÁS|MUNICIPALIDAD DISTRITAL DE SAN NICOLÁS|Av. Lizardo Barrón S/N - Plaza de Armas
020703|ÁNCASH|CARLOS FERMIN|YAUYA|MUNICIPALIDAD DISTRITAL DE YAUYA|Jr. San Martín N° 110 - Plaza de Armas
020801|ÁNCASH|CASMA|CASMA|MUNICIPALIDAD PROVINCIAL DE CASMA|Av. Bolivar S/N
020802|ÁNCASH|CASMA|BUENA VISTA ALTA|MUNICIPALIDAD DISTRITAL DE BUENA VISTA ALTA|Calle Francisco Bolognesi S/N
020803|ÁNCASH|CASMA|COMANDANTE NOÉL|MUNICIPALIDAD DISTRITAL DE COMANDANTE NOÉL|Jr. San Martín S/N
020804|ÁNCASH|CASMA|YAUTÁN|MUNICIPALIDAD DISTRITAL DE YAUTÁN|Jr. Piura S/N - Plaza de Armas
020901|ÁNCASH|CORONGO|CORONGO|MUNICIPALIDAD PROVINCIAL DE CORONGO|Jr. Miguel Grau N° 206 Mz. G5 Lt. 1
020902|ÁNCASH|CORONGO|ACO|MUNICIPALIDAD DISTRITAL DE ACO|Plaza de Armas S/N
020903|ÁNCASH|CORONGO|BAMBAS|MUNICIPALIDAD DISTRITAL DE BAMBAS|Plaza de Armas S/N
020904|ÁNCASH|CORONGO|CUSCA|MUNICIPALIDAD DISTRITAL DE CUSCA|Jr. Alberto Botiquin S/N Mz. 2 Lt. 4 Km. 10
020905|ÁNCASH|CORONGO|LA PAMPA|MUNICIPALIDAD DISTRITAL DE LA PAMPA|Av. Alfonso Rivas Plata S/N Mz. A1 Lt. 7
020906|ÁNCASH|CORONGO|YÁNAC|MUNICIPALIDAD DISTRITAL DE YÁNAC|Jr. Daniel Alcides Carrión S/N
020907|ÁNCASH|CORONGO|YUPÁN|MUNICIPALIDAD DISTRITAL DE YUPÁN|Jr. San Pablo S/N Mz. B Lt. 30
021001|ÁNCASH|HUARI|HUARI|MUNICIPALIDAD PROVINCIAL DE HUARI|Jr. Ramón Castilla N° 470
021002|ÁNCASH|HUARI|ANRA|MUNICIPALIDAD DISTRITAL DE ANRA|Plaza de Armas S/N
021003|ÁNCASH|HUARI|CAJAY|MUNICIPALIDAD DISTRITAL DE CAJAY|Av. Pedro Aguirre S/N
021004|ÁNCASH|HUARI|CHAVÍN DE HUÁNTAR|MUNICIPALIDAD DISTRITAL DE CHAVÍN DE HUÁNTAR|Plaza de Armas N° 120
021005|ÁNCASH|HUARI|HUACACHI|MUNICIPALIDAD DISTRITAL DE HUACACHI|Jr. Huayna Cápac S/N
021006|ÁNCASH|HUARI|HUACCHIS|MUNICIPALIDAD DISTRITAL DE HUACCHIS|Plaza de Armas S/N
021007|ÁNCASH|HUARI|HUACHIS|MUNICIPALIDAD DISTRITAL DE HUACHIS|Jr. Condorcanqui S/N
021008|ÁNCASH|HUARI|HUÁNTAR|MUNICIPALIDAD DISTRITAL DE HUÁNTAR|Plaza de Armas S/N
021009|ÁNCASH|HUARI|MASÍN|MUNICIPALIDAD DISTRITAL DE MASÍN|Av. Primavera N° 660
021010|ÁNCASH|HUARI|PAUCAS|MUNICIPALIDAD DISTRITAL DE PAUCAS|Plaza de Armas S/N
021011|ÁNCASH|HUARI|PONTO|MUNICIPALIDAD DISTRITAL DE PONTO|Plaza de Armas S/N
021012|ÁNCASH|HUARI|RAHUAPAMPA|MUNICIPALIDAD DISTRITAL DE RAHUAPAMPA|Plaza de Armas S/N
021013|ÁNCASH|HUARI|RAPAYAN|MUNICIPALIDAD DISTRITAL DE RAPAYAN|Jr. Áncash N° 123 - Plaza de Armas
021014|ÁNCASH|HUARI|SAN MARCOS|MUNICIPALIDAD DISTRITAL DE SAN MARCOS|Jr. Progreso N° 332
021015|ÁNCASH|HUARI|SAN PEDRO DE CHANA|MUNICIPALIDAD DISTRITAL DE SAN PEDRO DE CHANA|Plaza de Armas S/N
021016|ÁNCASH|HUARI|UCO|MUNICIPALIDAD DISTRITAL DE UCO|Jr. Nicolás de Piérola S/N Mz. N1 Lt. 8
021101|ÁNCASH|HUARMEY|HUARMEY|MUNICIPALIDAD PROVINCIAL DE HUARMEY|Plaza Independencia S/N
021102|ÁNCASH|HUARMEY|COCHAPETI|MUNICIPALIDAD DISTRITAL DE COCHAPETI|Plaza de Armas S/N
021103|ÁNCASH|HUARMEY|CULEBRAS|MUNICIPALIDAD DISTRITAL DE CULEBRAS|Av. Celestino Zapata N° 259 - Plaza de Armas
021104|ÁNCASH|HUARMEY|HUAYÁN|MUNICIPALIDAD DISTRITAL DE HUAYÁN|Plaza de Armas S/N
021105|ÁNCASH|HUARMEY|MALVAS|MUNICIPALIDAD DISTRITAL DE MALVAS|Jr. Marañón S/N
021201|ÁNCASH|HUAYLAS|CARAZ|MUNICIPALIDAD PROVINCIAL DE CARAZ|Jr. San Martín N° 1121
021202|ÁNCASH|HUAYLAS|HUALLANCA|MUNICIPALIDAD DISTRITAL DE HUALLANCA|Calle Santa Rosa N° 142
021203|ÁNCASH|HUAYLAS|HUATA|MUNICIPALIDAD DISTRITAL DE HUATA|Jr. La Libertad N° 102 Mz. S Lt. 9
021204|ÁNCASH|HUAYLAS|HUAYLAS|MUNICIPALIDAD DISTRITAL DE HUAYLAS|Calle Callao S/N
021205|ÁNCASH|HUAYLAS|MATO|MUNICIPALIDAD DISTRITAL DE MATO|Jr. Nicolás de Piérola S/N
021206|ÁNCASH|HUAYLAS|PAMPAROMÁS|MUNICIPALIDAD DISTRITAL DE PAMPAROMÁS|Jr. Juan Méndez S/N
021207|ÁNCASH|HUAYLAS|PUEBLO LIBRE|MUNICIPALIDAD DISTRITAL DE PUEBLO LIBRE|Plaza Independencia S/N
021208|ÁNCASH|HUAYLAS|SANTA CRUZ|MUNICIPALIDAD DISTRITAL DE SANTA CRUZ|Plaza de Armas S/N
021209|ÁNCASH|HUAYLAS|SANTO TORIBIO|MUNICIPALIDAD DISTRITAL DE SANTO TORIBIO|Plaza de Armas La Concordia S/N Mz. 1
021210|ÁNCASH|HUAYLAS|YURACMARCA|MUNICIPALIDAD DISTRITAL DE YURACMARCA|Plaza de Armas S/N
021301|ÁNCASH|MARISCAL LUZURIAGA|PISCOBAMBA|MUNICIPALIDAD PROVINCIAL DE PISCOBAMBA|Calle San Andrés N° 102
021302|ÁNCASH|MARISCAL LUZURIAGA|CASCA|MUNICIPALIDAD DISTRITAL DE CASCA|Plaza de Armas S/N
021303|ÁNCASH|MARISCAL LUZURIAGA|ELEAZAR GUZMÁN BARRÓN|MUNICIPALIDAD DISTRITAL DE ELEAZAR GUZMÁN BARRÓN|Av. Progreso S/N
021304|ÁNCASH|MARISCAL LUZURIAGA|FIDEL OLIVAS ESCUDERO|MUNICIPALIDAD DISTRITAL DE FIDEL OLIVAS ESCUDERO|Plaza de Armas S/N
021305|ÁNCASH|MARISCAL LUZURIAGA|LLAMA|MUNICIPALIDAD DISTRITAL DE LLAMA|Av. Fidel Olivas Escudero S/N
021306|ÁNCASH|MARISCAL LUZURIAGA|LLUMPA|MUNICIPALIDAD DISTRITAL DE LLUMPA|Plaza de Armas S/N
021307|ÁNCASH|MARISCAL LUZURIAGA|LUCMA|MUNICIPALIDAD DISTRITAL DE LUCMA|Plaza de Armas S/N
021308|ÁNCASH|MARISCAL LUZURIAGA|MUSGA|MUNICIPALIDAD DISTRITAL DE MUSGA|Av. Manuel Prado Ugarteche S/N - Plaza de Armas
021401|ÁNCASH|OCROS|OCROS|MUNICIPALIDAD PROVINCIAL DE OCROS|Jr. Comercio N° 272
021402|ÁNCASH|OCROS|ACAS|MUNICIPALIDAD DISTRITAL DE ACAS|Plaza de Armas S/N
021403|ÁNCASH|OCROS|CAJAMARQUILLA|MUNICIPALIDAD DISTRITAL DE CAJAMARQUILLA|Plaza de Armas S/N
021404|ÁNCASH|OCROS|CARHUAPAMPA|MUNICIPALIDAD DISTRITAL DE CARHUAPAMPA|Plaza de Armas S/N
021405|ÁNCASH|OCROS|COCHAS|MUNICIPALIDAD DISTRITAL DE COCHAS|Calle Comercio S/N
021406|ÁNCASH|OCROS|CONGAS|MUNICIPALIDAD DISTRITAL DE CONGAS|Plaza de Armas S/N
021407|ÁNCASH|OCROS|LLIPA|MUNICIPALIDAD DISTRITAL DE LLIPA|Calle 15 de Noviembre S/N
021408|ÁNCASH|OCROS|SAN CRISTÓBAL DE RAJÁN|MUNICIPALIDAD DISTRITAL DE SAN CRISTÓBAL DE RAJÁN|Plaza de Armas S/N
021409|ÁNCASH|OCROS|SAN PEDRO|MUNICIPALIDAD DISTRITAL DE SAN PEDRO|Jr. Castilla S/N
021410|ÁNCASH|OCROS|SANTIAGO DE CHILCAS|MUNICIPALIDAD DISTRITAL DE SANTIAGO DE CHILCAS|Plaza de Armas S/N
021501|ÁNCASH|PALLASCA|CABANA|MUNICIPALIDAD PROVINCIAL DE CABANA|Plaza de Armas N° 103
021502|ÁNCASH|PALLASCA|BOLOGNESI|MUNICIPALIDAD DISTRITAL DE BOLOGNESI|Jr. Real S/N
021503|ÁNCASH|PALLASCA|CONCHUCOS|MUNICIPALIDAD DISTRITAL DE CONCHUCOS|Plaza de Armas S/N
021504|ÁNCASH|PALLASCA|HUACASCHUQUE|MUNICIPALIDAD DISTRITAL DE HUACASCHUQUE|Plaza de Armas S/N
021505|ÁNCASH|PALLASCA|HUANDOVAL|MUNICIPALIDAD DISTRITAL DE HUANDOVAL|Plaza de Armas S/N
021506|ÁNCASH|PALLASCA|LACABAMBA|MUNICIPALIDAD DISTRITAL DE LACABAMBA|Plaza de Armas S/N
021507|ÁNCASH|PALLASCA|LLAPO|MUNICIPALIDAD DISTRITAL DE LLAPO|Jr. Ayancuri S/N Mz. Y Lt. 2 - Plaza de Armas
021508|ÁNCASH|PALLASCA|PALLASCA|MUNICIPALIDAD DISTRITAL DE PALLASCA|Plaza de Armas S/N
021509|ÁNCASH|PALLASCA|PAMPAS|MUNICIPALIDAD DISTRITAL DE PAMPAS|Plaza de Armas S/N
021510|ÁNCASH|PALLASCA|SANTA ROSA|MUNICIPALIDAD DISTRITAL DE SANTA ROSA|Av. Santa Rosa S/N Mz. C1 Lt. 5 - Plaza de Armas
021511|ÁNCASH|PALLASCA|TAUCA|MUNICIPALIDAD DISTRITAL DE TAUCA|Plaza de Armas N° 125
021601|ÁNCASH|POMABAMBA|POMABAMBA|MUNICIPALIDAD PROVINCIAL DE POMABAMBA|Jr. Huaraz N° 303
021602|ÁNCASH|POMABAMBA|HUAYLLÁN|MUNICIPALIDAD DISTRITAL DE HUAYLLÁN|Plazuela de San Francisco de Borja S/N
021603|ÁNCASH|POMABAMBA|PAROBAMBA|MUNICIPALIDAD DISTRITAL DE PAROBAMBA|Jr. Marañón S/N
021604|ÁNCASH|POMABAMBA|QUINUABAMBA|MUNICIPALIDAD DISTRITAL DE QUINUABAMBA|Jr. Manco Cápac S/N
021701|ÁNCASH|RECUAY|RECUAY|MUNICIPALIDAD PROVINCIAL DE RECUAY|Plaza Mayor de Recuay N° 170
021702|ÁNCASH|RECUAY|CÁTAC|MUNICIPALIDAD DISTRITAL DE CÁTAC|Jr. 8 de Enero N° 361 Mz. U Lt. 11
021703|ÁNCASH|RECUAY|COTAPARACO|MUNICIPALIDAD DISTRITAL DE COTAPARACO|Plaza Central S/N
021704|ÁNCASH|RECUAY|HUAYLLAPAMPA|MUNICIPALIDAD DISTRITAL DE HUAYLLAPAMPA|Calle San Gregorio S/N - Plaza de Armas
021705|ÁNCASH|RECUAY|LLACLLIN|MUNICIPALIDAD DISTRITAL DE LLACLLIN|Plaza de Armas S/N
021706|ÁNCASH|RECUAY|MARCA|MUNICIPALIDAD DISTRITAL DE MARCA|Jr. Salaverry N° 396 Mz. H1 Lt. 5
021707|ÁNCASH|RECUAY|PAMPAS CHICO|MUNICIPALIDAD DISTRITAL DE PAMPAS CHICO|Plaza de Armas S/N
021708|ÁNCASH|RECUAY|PARARÍN|MUNICIPALIDAD DISTRITAL DE PARARÍN|Av. 25 de Julio N° 4 - Plaza de Armas
021709|ÁNCASH|RECUAY|TAPACOCHA|MUNICIPALIDAD DISTRITAL DE TAPACOCHA|Calle 2 de Mayo S/N Mz. G Lt. 9
021710|ÁNCASH|RECUAY|TICAPAMPA|MUNICIPALIDAD DISTRITAL DE TICAPAMPA|Jr. Francia N° 304
021801|ÁNCASH|SANTA|CHIMBOTE|MUNICIPALIDAD PROVINCIAL DE CHIMBOTE|Jr. Enrique Palacios N° 341
021802|ÁNCASH|SANTA|CÁCERES DEL PERÚ|MUNICIPALIDAD DISTRITAL DE CÁCERES DEL PERÚ|Jr. Mariano Melgar S/N
021803|ÁNCASH|SANTA|COISHCO|MUNICIPALIDAD DISTRITAL DE COISHCO|Av. Jorge Chávez N° 795 Mz. T4 Lt. 5
021804|ÁNCASH|SANTA|MACATE|MUNICIPALIDAD DISTRITAL DE MACATE|Jr. La Reyna S/N
021805|ÁNCASH|SANTA|MORO|MUNICIPALIDAD DISTRITAL DE MORO|Jr. Daniel Alcides N° 144
021806|ÁNCASH|SANTA|NEPEÑA|MUNICIPALIDAD DISTRITAL DE NEPEÑA|Plaza de Armas S/N
021807|ÁNCASH|SANTA|SAMANCO|MUNICIPALIDAD DISTRITAL DE SAMANCO|Jr. Ricardo Palma S/N Mz. Q Lt. 2
021808|ÁNCASH|SANTA|SANTA|MUNICIPALIDAD DISTRITAL DE SANTA|Jr. Marañón N° 227
021809|ÁNCASH|SANTA|NUEVO CHIMBOTE|MUNICIPALIDAD DISTRITAL DE NUEVO CHIMBOTE|Centro Cívico S/N - Urb. José Carlos Máriategui
021901|ÁNCASH|SIHUAS|SIHUAS|MUNICIPALIDAD PROVINCIAL DE SIHUAS|Av. 28 de Julio S/N
021902|ÁNCASH|SIHUAS|ACOBAMBA|MUNICIPALIDAD DISTRITAL DE ACOBAMBA|Av. 28 de Julio S/N
021903|ÁNCASH|SIHUAS|ALFONSO UGARTE|MUNICIPALIDAD DISTRITAL DE ALFONSO UGARTE|Plaza de Armas S/N
021904|ÁNCASH|SIHUAS|CASHAPAMPA|MUNICIPALIDAD DISTRITAL DE CASHAPAMPA|Jr. Romero Blanco S/N
021905|ÁNCASH|SIHUAS|CHINGALPO|MUNICIPALIDAD DISTRITAL DE CHINGALPO|Jr. Independencia S/N
021906|ÁNCASH|SIHUAS|HUAYLLABAMBA|MUNICIPALIDAD DISTRITAL DE HUAYLLABAMBA|Plaza de Armas S/N
021907|ÁNCASH|SIHUAS|QUICHES|MUNICIPALIDAD DISTRITAL DE QUICHES|Plaza de Armas S/N
021908|ÁNCASH|SIHUAS|RAGASH|MUNICIPALIDAD DISTRITAL DE RAGASH|Plaza de Armas S/N
021909|ÁNCASH|SIHUAS|SAN JUAN|MUNICIPALIDAD DISTRITAL DE SAN JUAN|Plaza de Armas S/N
021910|ÁNCASH|SIHUAS|SICSIBAMBA|MUNICIPALIDAD DISTRITAL DE SICSIBAMBA|Av. San Marcos S/N - Plaza de Armas
022001|ÁNCASH|YUNGAY|YUNGAY|MUNICIPALIDAD PROVINCIAL DE YUNGAY|Jr. 28 de Octubre S/N - Plaza de Armas
022002|ÁNCASH|YUNGAY|CASCAPARA|MUNICIPALIDAD DISTRITAL DE CASCAPARA|Plaza de Armas S/N
022003|ÁNCASH|YUNGAY|MANCOS|MUNICIPALIDAD DISTRITAL DE MANCOS|Plaza de Armas S/N
022004|ÁNCASH|YUNGAY|MATACOTO|MUNICIPALIDAD DISTRITAL DE MATACOTO|Plaza de Armas S/N - Carretera Central Km. 15
022005|ÁNCASH|YUNGAY|QUILLO|MUNICIPALIDAD DISTRITAL DE QUILLO|Plaza de Armas S/N
022006|ÁNCASH|YUNGAY|RANRAHIRCA|MUNICIPALIDAD DISTRITAL DE RANRAHIRCA|Plaza de Armas S/N
022007|ÁNCASH|YUNGAY|SHUPLUY|MUNICIPALIDAD DISTRITAL DE SHUPLUY|Plaza de Armas S/N
022008|ÁNCASH|YUNGAY|YANAMA|MUNICIPALIDAD DISTRITAL DE YANAMA|Jr. Santa Rosa S/N
030101|APURÍMAC|ABANCAY|ABANCAY|MUNICIPALIDAD PROVINCIAL DE ABANCAY|Jr. Lima N° 216
030102|APURÍMAC|ABANCAY|CHACOCHE|MUNICIPALIDAD DISTRITAL DE CHACOCHE|Plaza de Armas S/N
030103|APURÍMAC|ABANCAY|CIRCA|MUNICIPALIDAD DISTRITAL DE CIRCA|Plaza de Armas S/N
030104|APURÍMAC|ABANCAY|CURAHUASI|MUNICIPALIDAD DISTRITAL DE CURAHUASI|Av. Santa Catalina N° 306
030105|APURÍMAC|ABANCAY|HUANIPACA|MUNICIPALIDAD DISTRITAL DE HUANIPACA|Jr. Cusco S/N - Plaza de Armas
030106|APURÍMAC|ABANCAY|LAMBRAMA|MUNICIPALIDAD DISTRITAL DE LAMBRAMA|Plaza de Armas S/N
030107|APURÍMAC|ABANCAY|PICHIRHUA|MUNICIPALIDAD DISTRITAL DE PICHIRHUA|Plaza de Armas S/N
030108|APURÍMAC|ABANCAY|SAN PEDRO DE CACHORA|MUNICIPALIDAD DISTRITAL DE SAN PEDRO DE CACHORA|Jr. Abancay S/N Mz. T Lt. 11
030109|APURÍMAC|ABANCAY|TAMBURCO|MUNICIPALIDAD DISTRITAL DE TAMBURCO|Plaza de Armas S/N
030201|APURÍMAC|ANDAHUAYLAS|ANDAHUAYLAS|MUNICIPALIDAD PROVINCIAL DE ANDAHUAYLAS|Jr. Ricardo Palma N° 441
030202|APURÍMAC|ANDAHUAYLAS|ANDARAPA|MUNICIPALIDAD DISTRITAL DE ANDARAPA|Av. 24 de Junio N° 101
030203|APURÍMAC|ANDAHUAYLAS|CHIARA|MUNICIPALIDAD DISTRITAL DE CHIARA|Plaza de Armas S/N
030204|APURÍMAC|ANDAHUAYLAS|HUANCARAMA|MUNICIPALIDAD DISTRITAL DE HUANCARAMA|Pasaje Ezequiel Palomino S/N
030205|APURÍMAC|ANDAHUAYLAS|HUANCARAY|MUNICIPALIDAD DISTRITAL DE HUANCARAY|Av. Porvenir S/N Mz. C Lt. 1 Km. 45
030206|APURÍMAC|ANDAHUAYLAS|HUAYANA|MUNICIPALIDAD DISTRITAL DE HUAYANA|Plaza de Armas S/N
030207|APURÍMAC|ANDAHUAYLAS|KISHUARA|MUNICIPALIDAD DISTRITAL DE KISHUARA|Plaza de Armas N° 208
030208|APURÍMAC|ANDAHUAYLAS|PACOBAMBA|MUNICIPALIDAD DISTRITAL DE PACOBAMBA|Av. San Miguel N° 100
030209|APURÍMAC|ANDAHUAYLAS|PACUCHA|MUNICIPALIDAD DISTRITAL DE PACUCHA|Av. Progreso S/N Mz. 18 - Plaza de Armas
030210|APURÍMAC|ANDAHUAYLAS|PAMPACHIRI|MUNICIPALIDAD DISTRITAL DE PAMPACHIRI|Plaza Principal S/N
030211|APURÍMAC|ANDAHUAYLAS|POMACOCHA|MUNICIPALIDAD DISTRITAL DE POMACOCHA|Plaza de Armas S/N
030212|APURÍMAC|ANDAHUAYLAS|SAN ANTONIO DE CACHI|MUNICIPALIDAD DISTRITAL DE SAN ANTONIO DE CACHI|Av. Víctor Raúl Haya de la Torre N° 110 - Plaza de Armas
030213|APURÍMAC|ANDAHUAYLAS|SAN JERÓNIMO|MUNICIPALIDAD DISTRITAL DE SAN JERÓNIMO|Jr. San Martín N° 202 - Plaza de Armas
030214|APURÍMAC|ANDAHUAYLAS|SAN MIGUEL DE CHACCRAMPA|MUNICIPALIDAD DISTRITAL DE SAN MIGUEL DE CHACCRAMPA|Av. San Miguel S/N Mz. U Lt. 7
030215|APURÍMAC|ANDAHUAYLAS|SANTA MARÍA DE CHICMO|MUNICIPALIDAD DISTRITAL DE SANTA MARÍA DE CHICMO|Jr. Túpac Amaru N° 202 Mz. E Lt. 3 Km. 12
030216|APURÍMAC|ANDAHUAYLAS|TALAVERA|MUNICIPALIDAD DISTRITAL DE TALAVERA|Av. Confraternidad N° 150
030217|APURÍMAC|ANDAHUAYLAS|TUMAY HUARACA|MUNICIPALIDAD DISTRITAL DE TUMAY HUARACA|Av. Apurímac S/N - Plaza de Armas Umamarca
030218|APURÍMAC|ANDAHUAYLAS|TURPO|MUNICIPALIDAD DISTRITAL DE TURPO|Av. Apurímac S/N - Plaza de Armas
030219|APURÍMAC|ANDAHUAYLAS|KAQUIABAMBA|MUNICIPALIDAD DISTRITAL DE KAQUIABAMBA|Av. Progreso S/N - Plaza de Armas
030220|APURÍMAC|ANDAHUAYLAS|JOSÉ MARÍA ARGUEDAS|MUNICIPALIDAD DISTRITAL DE JOSÉ MARÍA ARGUEDAS|Jr. 08 de Mayo N° 552 Mz. 1 Lt. 2 - Plaza de Armas
030301|APURÍMAC|ANTABAMBA|ANTABAMBA|MUNICIPALIDAD PROVINCIAL DE ANTABAMBA|Plaza de Armas S/N
030302|APURÍMAC|ANTABAMBA|EL ORO|MUNICIPALIDAD DISTRITAL DE EL ORO|Av. 28 Julio N° 28 Km. 1
030303|APURÍMAC|ANTABAMBA|HUAQUIRCA|MUNICIPALIDAD DISTRITAL DE HUAQUIRCA|Calle Antabamba S/N Mz. U Lt. 3
030304|APURÍMAC|ANTABAMBA|JUAN ESPINOZA MEDRANO|MUNICIPALIDAD DISTRITAL DE JUAN ESPINOZA MEDRANO|Plaza de Armas S/N
030305|APURÍMAC|ANTABAMBA|OROPESA|MUNICIPALIDAD DISTRITAL DE OROPESA|Plaza de Armas S/N
030306|APURÍMAC|ANTABAMBA|PACHACONAS|MUNICIPALIDAD DISTRITAL DE PACHACONAS|Plaza de Armas S/N
030307|APURÍMAC|ANTABAMBA|SABAINO|MUNICIPALIDAD DISTRITAL DE SABAINO|Plaza de Armas S/N
030401|APURÍMAC|AYMARAES|CHALHUANCA|MUNICIPALIDAD PROVINCIAL DE CHALHUANCA|Jr. Andahuaylas N° 312 - Plaza de Armas
030402|APURÍMAC|AYMARAES|CAPAYA|MUNICIPALIDAD DISTRITAL DE CAPAYA|Plaza de Armas S/N
030403|APURÍMAC|AYMARAES|CARAYBAMBA|MUNICIPALIDAD DISTRITAL DE CARAYBAMBA|Plaza de Armas S/N
030404|APURÍMAC|AYMARAES|CHAPIMARCA|MUNICIPALIDAD DISTRITAL DE CHAPIMARCA|Plaza de Armas S/N Mz. G Lt. 1 Km. 57
030405|APURÍMAC|AYMARAES|COLCABAMBA|MUNICIPALIDAD DISTRITAL DE COLCABAMBA|Av. Comercial S/N
030406|APURÍMAC|AYMARAES|COTARUSE|MUNICIPALIDAD DISTRITAL DE COTARUSE|Jr. Lima S/N Mz. Q Lt. 8 Km. 320
030407|APURÍMAC|AYMARAES|IHUAYLLO|MUNICIPALIDAD DISTRITAL DE IHUAYLLO|Plaza de Armas S/N
030408|APURÍMAC|AYMARAES|JUSTO APU SAHUARAURA|MUNICIPALIDAD DISTRITAL DE JUSTO APU SAHUARAURA|Plaza de Armas S/N
030409|APURÍMAC|AYMARAES|LUCRE|MUNICIPALIDAD DISTRITAL DE LUCRE|Plaza de Armas S/N
030410|APURÍMAC|AYMARAES|POCOHUANCA|MUNICIPALIDAD DISTRITAL DE POCOHUANCA|Plaza de Armas S/N
030411|APURÍMAC|AYMARAES|SAN JUAN DE CHACÑA|MUNICIPALIDAD DISTRITAL DE SAN JUAN DE CHACÑA|Av. Lima S/N
030412|APURÍMAC|AYMARAES|SAÑAYCA|MUNICIPALIDAD DISTRITAL DE SAÑAYCA|Jr. Comercio S/N - Plaza de Armas
030413|APURÍMAC|AYMARAES|SORAYA|MUNICIPALIDAD DISTRITAL DE SORAYA|Plaza de Armas S/N
030414|APURÍMAC|AYMARAES|TAPAIRIHUA|MUNICIPALIDAD DISTRITAL DE TAPAIRIHUA|Plaza de Armas S/N
030415|APURÍMAC|AYMARAES|TINTAY|MUNICIPALIDAD DISTRITAL DE TINTAY|Av. Perú S/N Mz. N Lt. 1 - Plaza de Armas
030416|APURÍMAC|AYMARAES|TORAYA|MUNICIPALIDAD DISTRITAL DE TORAYA|Plaza de Armas S/N
030417|APURÍMAC|AYMARAES|YANACA|MUNICIPALIDAD DISTRITAL DE YANACA|Plaza de Armas S/N
030501|APURÍMAC|COTABAMBAS|TAMBOBAMBA|MUNICIPALIDAD PROVINCIAL DE TAMBOBAMBA|Plaza de Armas S/N
030502|APURÍMAC|COTABAMBAS|COTABAMBAS|MUNICIPALIDAD DISTRITAL DE COTABAMBAS|Calle Vigil S/N Mz. V Lt. 4
030503|APURÍMAC|COTABAMBAS|COYLLURQUI|MUNICIPALIDAD DISTRITAL DE COYLLURQUI|Plaza Principal S/N
030504|APURÍMAC|COTABAMBAS|HAQUIRA|MUNICIPALIDAD DISTRITAL DE HAQUIRA|Plaza de Armas S/N
030505|APURÍMAC|COTABAMBAS|MARA|MUNICIPALIDAD DISTRITAL DE MARA|Plaza de Armas S/N
030506|APURÍMAC|COTABAMBAS|CHALLHUAHUACHO|MUNICIPALIDAD DISTRITAL DE CHALLHUAHUACHO|Plaza de Armas S/N
030601|APURÍMAC|CHINCHEROS|CHINCHEROS|MUNICIPALIDAD PROVINCIAL DE CHINCHEROS|Jr. Antonio Raymondi S/N
030602|APURÍMAC|CHINCHEROS|ANCO-HUALLO|MUNICIPALIDAD DISTRITAL DE ANCO-HUALLO|Av. Ricardo Palma S/N Mz. C1 Lt. 4
030603|APURÍMAC|CHINCHEROS|COCHARCAS|MUNICIPALIDAD DISTRITAL DE COCHARCAS|Plaza de Armas S/N
030604|APURÍMAC|CHINCHEROS|HUACCANA|MUNICIPALIDAD DISTRITAL DE HUACCANA|Jr. La Cultura N° 150
030605|APURÍMAC|CHINCHEROS|OCOBAMBA|MUNICIPALIDAD DISTRITAL DE OCOBAMBA|Plaza de Armas S/N
030606|APURÍMAC|CHINCHEROS|ONGOY|MUNICIPALIDAD DISTRITAL DE ONGOY|Jr. 21 de Junio S/N Mz. J1 Lt. 6
030607|APURÍMAC|CHINCHEROS|URANMARCA|MUNICIPALIDAD DISTRITAL DE URANMARCA|Av. 13 de Noviembre S/N
030608|APURÍMAC|CHINCHEROS|RANRACANCHA|MUNICIPALIDAD DISTRITAL DE RANRACANCHA|Jr. Ayacucho S/N
030609|APURÍMAC|CHINCHEROS|ROCCHACC|MUNICIPALIDAD DISTRITAL DE ROCCHACC|Av. 22 de Junio S/N - Plaza de Armas
030610|APURÍMAC|CHINCHEROS|EL PORVENIR|MUNICIPALIDAD DISTRITAL DE EL PORVENIR|Av. 28 de Julio S/N - Plaza de Armas
030611|APURÍMAC|CHINCHEROS|LOS CHANKAS|MUNICIPALIDAD DISTRITAL DE LOS CHANKAS|Av. José Carlos Mariátegui S/N Mz. K Lt. 6
030612|APURÍMAC|CHINCHEROS|AHUAYRO|MUNICIPALIDAD DISTRITAL DE AHUAYRO|Av. Los Incas S/N
030701|APURÍMAC|GRAU|CHUQUIBAMBILLA|MUNICIPALIDAD PROVINCIAL DE CHUQUIBAMBILLA|Av. Grau S/N
030702|APURÍMAC|GRAU|CURPAHUASI|MUNICIPALIDAD DISTRITAL DE CURPAHUASI|Plaza de Armas S/N
030703|APURÍMAC|GRAU|GAMARRA|MUNICIPALIDAD DISTRITAL DE GAMARRA|Jr. Cuesta Santiago S/N
030704|APURÍMAC|GRAU|HUAYLLATI|MUNICIPALIDAD DISTRITAL DE HUAYLLATI|Plaza de Armas S/N
030705|APURÍMAC|GRAU|MAMARA|MUNICIPALIDAD DISTRITAL DE MAMARA|Plaza de Armas S/N
030706|APURÍMAC|GRAU|MICAELA BASTIDAS|MUNICIPALIDAD DISTRITAL DE MICAELA BASTIDAS|Plaza de Armas S/N
030707|APURÍMAC|GRAU|PATAYPAMPA|MUNICIPALIDAD DISTRITAL DE PATAYPAMPA|Plaza de Armas S/N
030708|APURÍMAC|GRAU|PROGRESO|MUNICIPALIDAD DISTRITAL DE PROGRESO|Plaza de Armas S/N
030709|APURÍMAC|GRAU|SAN ANTONIO|MUNICIPALIDAD DISTRITAL DE SAN ANTONIO|Plaza de Armas S/N
030710|APURÍMAC|GRAU|SANTA ROSA|MUNICIPALIDAD DISTRITAL DE SANTA ROSA|Plaza de Armas S/N
030711|APURÍMAC|GRAU|TURPAY|MUNICIPALIDAD DISTRITAL DE TURPAY|Av. San Martín S/N Mz. Z Lt. 3
030712|APURÍMAC|GRAU|VILCABAMBA|MUNICIPALIDAD DISTRITAL DE VILCABAMBA|Plaza de Armas S/N
030713|APURÍMAC|GRAU|VIRUNDO|MUNICIPALIDAD DISTRITAL DE VIRUNDO|Plaza de Armas S/N
030714|APURÍMAC|GRAU|CURASCO|MUNICIPALIDAD DISTRITAL DE CURASCO|Av. 29 de Octubre S/N
040101|AREQUIPA|AREQUIPA|AREQUIPA|MUNICIPALIDAD PROVINCIAL DE AREQUIPA|Calle El Filtro N° 501
040102|AREQUIPA|AREQUIPA|ALTO SELVA ALEGRE|MUNICIPALIDAD DISTRITAL DE ALTO SELVA ALEGRE|Av. Obrera S/N con Pasaje Olaya S/N
040103|AREQUIPA|AREQUIPA|CAYMA|MUNICIPALIDAD DISTRITAL DE CAYMA|Av. Cayma N° 408 - Plaza Principal
040104|AREQUIPA|AREQUIPA|CERRO COLORADO|MUNICIPALIDAD DISTRITAL DE CERRO COLORADO|Calle Mariano Melgar N° 500
040105|AREQUIPA|AREQUIPA|CHARACATO|MUNICIPALIDAD DISTRITAL DE CHARACATO|Plaza Principal N° 100
040106|AREQUIPA|AREQUIPA|CHIGUATA|MUNICIPALIDAD DISTRITAL DE CHIGUATA|Plaza Principal S/N
040107|AREQUIPA|AREQUIPA|JACOBO HUNTER|MUNICIPALIDAD DISTRITAL DE JACOBO HUNTER|Av. Viña del Mar N° 200
040108|AREQUIPA|AREQUIPA|LA JOYA|MUNICIPALIDAD DISTRITAL DE LA JOYA|Jr. Dos de Mayo N° 501
040109|AREQUIPA|AREQUIPA|MARIANO MELGAR|MUNICIPALIDAD DISTRITAL DE MARIANO MELGAR|Av. Simón Bolívar N° 908
040110|AREQUIPA|AREQUIPA|MIRAFLORES|MUNICIPALIDAD DISTRITAL DE MIRAFLORES|Av. Unión N° 316
040111|AREQUIPA|AREQUIPA|MOLLEBAYA|MUNICIPALIDAD DISTRITAL DE MOLLEBAYA|Calle 27 de Mayo S/N Mz. I Lt. 1 - Plaza Principal
040112|AREQUIPA|AREQUIPA|PAUCARPATA|MUNICIPALIDAD DISTRITAL DE PAUCARPATA|Plaza de Armas N° 106
040113|AREQUIPA|AREQUIPA|POCSI|MUNICIPALIDAD DISTRITAL DE POCSI|Plaza Principal S/N
040114|AREQUIPA|AREQUIPA|POLOBAYA|MUNICIPALIDAD DISTRITAL DE POLOBAYA|Plaza Principal S/N
040115|AREQUIPA|AREQUIPA|QUEQUEÑA|MUNICIPALIDAD DISTRITAL DE QUEQUEÑA|Plaza Principal S/N
040116|AREQUIPA|AREQUIPA|SABANDIA|MUNICIPALIDAD DISTRITAL DE SABANDIA|Av. Principal S/N
040117|AREQUIPA|AREQUIPA|SACHACA|MUNICIPALIDAD DISTRITAL DE SACHACA|Av. Fernandini S/N
040118|AREQUIPA|AREQUIPA|SAN JUAN DE SIGUAS|MUNICIPALIDAD DISTRITAL DE SAN JUAN DE SIGUAS|Plaza Principal S/N
040119|AREQUIPA|AREQUIPA|SAN JUAN DE TARUCANI|MUNICIPALIDAD DISTRITAL DE SAN JUAN DE TARUCANI|Plaza de Armas N° 100
040120|AREQUIPA|AREQUIPA|SANTA ISABEL DE SIGUAS|MUNICIPALIDAD DISTRITAL DE SANTA ISABEL DE SIGUAS|Plaza Principal Sondor S/N
040121|AREQUIPA|AREQUIPA|SANTA RITA DE SIGUAS|MUNICIPALIDAD DISTRITAL DE SANTA RITA DE SIGUAS|Calle Augusto Gilardi N° 326
040122|AREQUIPA|AREQUIPA|SOCABAYA|MUNICIPALIDAD DISTRITAL DE SOCABAYA|Calle San Martín S/N Mz. L Lt. 12
040123|AREQUIPA|AREQUIPA|TIABAYA|MUNICIPALIDAD DISTRITAL DE TIABAYA|Calle Pardo N° 301
040124|AREQUIPA|AREQUIPA|UCHUMAYO|MUNICIPALIDAD DISTRITAL DE UCHUMAYO|Calle Salaverry N° 100 Mz. G Lt. 2
040125|AREQUIPA|AREQUIPA|VITOR|MUNICIPALIDAD DISTRITAL DE VITOR|Plaza Principal S/N
040126|AREQUIPA|AREQUIPA|YANAHUARA|MUNICIPALIDAD DISTRITAL DE YANAHUARA|Calle Miguel Grau N° 402
040127|AREQUIPA|AREQUIPA|YARABAMBA|MUNICIPALIDAD DISTRITAL DE YARABAMBA|Calle América N° 102
040128|AREQUIPA|AREQUIPA|YURA|MUNICIPALIDAD DISTRITAL DE YURA|Asociación Ciudad de Dios Zona 3 Sector B N° 3 Km. 15.5
040129|AREQUIPA|AREQUIPA|JOSÉ LUIS BUSTAMANTE Y RIVERO|MUNICIPALIDAD DISTRITAL DE JOSÉ LUIS BUSTAMANTE Y RIVERO|Av. Dolores S/N
040201|AREQUIPA|CAMANÁ|CAMANÁ|MUNICIPALIDAD PROVINCIAL DE CAMANÁ|Jr. Puente Grau N° 122
040202|AREQUIPA|CAMANÁ|JOSÉ MARÍA QUIMPER|MUNICIPALIDAD DISTRITAL DE JOSÉ MARÍA QUIMPER|Calle San Isidro S/N
040203|AREQUIPA|CAMANÁ|MARIANO NICOLÁS VALCÁRCEL|MUNICIPALIDAD DISTRITAL DE MARIANO NICOLÁS VALCÁRCEL|Plaza Principal S/N
040204|AREQUIPA|CAMANÁ|MARISCAL CÁCERES|MUNICIPALIDAD DISTRITAL DE MARISCAL CÁCERES|Plaza de Armas N° 171
040205|AREQUIPA|CAMANÁ|NICOLÁS DE PIÉROLA|MUNICIPALIDAD DISTRITAL DE NICOLÁS DE PIÉROLA|Av. Bolívar N° 402
040206|AREQUIPA|CAMANÁ|OCOÑA|MUNICIPALIDAD DISTRITAL DE OCOÑA|Av. Unión S/N - Plaza de Armas
040207|AREQUIPA|CAMANÁ|QUILCA|MUNICIPALIDAD DISTRITAL DE QUILCA|Plaza de Armas S/N
040208|AREQUIPA|CAMANÁ|SAMUEL PASTOR|MUNICIPALIDAD DISTRITAL DE SAMUEL PASTOR|Jr. La Pampa N° 308
040301|AREQUIPA|CARAVELÍ|CARAVELÍ|MUNICIPALIDAD PROVINCIAL DE CARAVELÍ|Jr. José Félix Andía N° 401 Mz. L1 Lt. 3
040302|AREQUIPA|CARAVELÍ|ACARI|MUNICIPALIDAD DISTRITAL DE ACARI|Calle Acarí S/N Mz. 35 Lt. 1 - Plaza Principal
040303|AREQUIPA|CARAVELÍ|ATICO|MUNICIPALIDAD DISTRITAL DE ATICO|Av. San Pedro S/N Mz. 85 Lt. 3
040304|AREQUIPA|CARAVELÍ|ATIQUIPA|MUNICIPALIDAD DISTRITAL DE ATIQUIPA|Plaza Principal S/N
040305|AREQUIPA|CARAVELÍ|BELLA UNIÓN|MUNICIPALIDAD DISTRITAL DE BELLA UNIÓN|Jr. Ludgardo Morales S/N Mz. 25 Lt. 1
040306|AREQUIPA|CARAVELÍ|CAHUACHO|MUNICIPALIDAD DISTRITAL DE CAHUACHO|Av. Libertad S/N
040307|AREQUIPA|CARAVELÍ|CHALA|MUNICIPALIDAD DISTRITAL DE CHALA|Calle Comercio N° 210
040308|AREQUIPA|CARAVELÍ|CHAPARRA|MUNICIPALIDAD DISTRITAL DE CHAPARRA|Av. Principal S/N
040309|AREQUIPA|CARAVELÍ|HUANUHUANU|MUNICIPALIDAD DISTRITAL DE HUANUHUANU|Av. Julián Dongo Chacón S/N Mz. C Lt. 1
040310|AREQUIPA|CARAVELÍ|JAQUI|MUNICIPALIDAD DISTRITAL DE JAQUI|Calle Sologuren S/N Mz. F Lt. 2 - Plaza de Armas
040311|AREQUIPA|CARAVELÍ|LOMAS|MUNICIPALIDAD DISTRITAL DE LOMAS|Calle Principal S/N
040312|AREQUIPA|CARAVELÍ|QUICACHA|MUNICIPALIDAD DISTRITAL DE QUICACHA|Plaza de Armas S/N
040313|AREQUIPA|CARAVELÍ|YAUCA|MUNICIPALIDAD DISTRITAL DE YAUCA|Calle General Segura S/N Mz. 24 Lt. 1 - Plaza de Armas
040401|AREQUIPA|CASTILLA|APLAO|MUNICIPALIDAD PROVINCIAL DE APLAO|Plaza Buenos Aires N° 100
040402|AREQUIPA|CASTILLA|ANDAGUA|MUNICIPALIDAD DISTRITAL DE ANDAGUA|Plaza Principal S/N
040403|AREQUIPA|CASTILLA|AYO|MUNICIPALIDAD DISTRITAL DE AYO|Plaza Principal S/N
040404|AREQUIPA|CASTILLA|CHACHAS|MUNICIPALIDAD DISTRITAL DE CHACHAS|Plaza de Armas S/N
040405|AREQUIPA|CASTILLA|CHILCAYMARCA|MUNICIPALIDAD DISTRITAL DE CHILCAYMARCA|Plaza Principal S/N
040406|AREQUIPA|CASTILLA|CHOCO|MUNICIPALIDAD DISTRITAL DE CHOCO|Plaza Principal S/N
040407|AREQUIPA|CASTILLA|HUANCARQUI|MUNICIPALIDAD DISTRITAL DE HUANCARQUI|Calle 7 de Junio N° 711
040408|AREQUIPA|CASTILLA|MACHAGUAY|MUNICIPALIDAD DISTRITAL DE MACHAGUAY|Plaza Principal S/N
040409|AREQUIPA|CASTILLA|ORCOPAMPA|MUNICIPALIDAD DISTRITAL DE ORCOPAMPA|Plaza Principal S/N
040410|AREQUIPA|CASTILLA|PAMPACOLCA|MUNICIPALIDAD DISTRITAL DE PAMPACOLCA|Plaza Municipal S/N
040411|AREQUIPA|CASTILLA|TIPÁN|MUNICIPALIDAD DISTRITAL DE TIPÁN|Calle Ramon Castilla S/N Mz. N Lt. 5
040412|AREQUIPA|CASTILLA|UÑÓN|MUNICIPALIDAD DISTRITAL DE UÑÓN|Plaza de Armas S/N
040413|AREQUIPA|CASTILLA|URACA|MUNICIPALIDAD DISTRITAL DE URACA|Plaza 28 de Julio N° 215 Mz. D Lt. 1
040414|AREQUIPA|CASTILLA|VIRACO|MUNICIPALIDAD DISTRITAL DE VIRACO|Plaza de Armas S/N
040501|AREQUIPA|CAYLLOMA|CHIVAY|MUNICIPALIDAD PROVINCIAL DE CHIVAY|Plaza de Armas N° 104
040502|AREQUIPA|CAYLLOMA|ACHOMA|MUNICIPALIDAD DISTRITAL DE ACHOMA|Plaza Principal S/N
040503|AREQUIPA|CAYLLOMA|CABANACONDE|MUNICIPALIDAD DISTRITAL DE CABANACONDE|Plaza Principal S/N
040504|AREQUIPA|CAYLLOMA|CALLALLI|MUNICIPALIDAD DISTRITAL DE CALLALLI|Plaza Principal S/N
040505|AREQUIPA|CAYLLOMA|CAYLLOMA|MUNICIPALIDAD DISTRITAL DE CAYLLOMA|Plaza de Armas S/N
040506|AREQUIPA|CAYLLOMA|COPORAQUE|MUNICIPALIDAD DISTRITAL DE COPORAQUE|Plaza Principal N° 103
040507|AREQUIPA|CAYLLOMA|HUAMBO|MUNICIPALIDAD DISTRITAL DE HUAMBO|Plaza de Armas S/N
040508|AREQUIPA|CAYLLOMA|HUANCA|MUNICIPALIDAD DISTRITAL DE HUANCA|Plaza de Armas S/N
040509|AREQUIPA|CAYLLOMA|ICHUPAMPA|MUNICIPALIDAD DISTRITAL DE ICHUPAMPA|Plaza de Armas S/N
040510|AREQUIPA|CAYLLOMA|LARI|MUNICIPALIDAD DISTRITAL DE LARI|Av. Ucayali N° 400
040511|AREQUIPA|CAYLLOMA|LLUTA|MUNICIPALIDAD DISTRITAL DE LLUTA|Calle Primero de Mayo N° 100 - Plaza Libertad
040512|AREQUIPA|CAYLLOMA|MACA|MUNICIPALIDAD DISTRITAL DE MACA|Plaza Principal S/N
040513|AREQUIPA|CAYLLOMA|MADRIGAL|MUNICIPALIDAD DISTRITAL DE MADRIGAL|Plaza Principal S/N
040514|AREQUIPA|CAYLLOMA|SAN ANTONIO DE CHUCA|MUNICIPALIDAD DISTRITAL DE SAN ANTONIO DE CHUCA|Plaza Principal S/N - Imata
040515|AREQUIPA|CAYLLOMA|SIBAYO|MUNICIPALIDAD DISTRITAL DE SIBAYO|Plaza de Armas N° 101
040516|AREQUIPA|CAYLLOMA|TAPAY|MUNICIPALIDAD DISTRITAL DE TAPAY|Plaza de Armas S/N
040517|AREQUIPA|CAYLLOMA|TISCO|MUNICIPALIDAD DISTRITAL DE TISCO|Plaza Principal S/N
040518|AREQUIPA|CAYLLOMA|TUTI|MUNICIPALIDAD DISTRITAL DE TUTI|Plaza Principal S/N
040519|AREQUIPA|CAYLLOMA|YANQUE|MUNICIPALIDAD DISTRITAL DE YANQUE|Plaza de Armas S/N
040520|AREQUIPA|CAYLLOMA|MAJES|MUNICIPALIDAD DISTRITAL DE MAJES|Av. Municipal S/N Mz. 3EF Lt. F3
040601|AREQUIPA|CONDESUYOS|CHUQUIBAMBA|MUNICIPALIDAD PROVINCIAL DE CHUQUIBAMBA|Av. Marical Castilla N° 106
040602|AREQUIPA|CONDESUYOS|ANDARAY|MUNICIPALIDAD DISTRITAL DE ANDARAY|Av. Principal S/N
040603|AREQUIPA|CONDESUYOS|CAYARANI|MUNICIPALIDAD DISTRITAL DE CAYARANI|Jr. Manco Cápac S/N
040604|AREQUIPA|CONDESUYOS|CHICHAS|MUNICIPALIDAD DISTRITAL DE CHICHAS|Plaza Principal S/N
040605|AREQUIPA|CONDESUYOS|IRAY|MUNICIPALIDAD DISTRITAL DE IRAY|El Mirador de Santa Cruz S/N
040606|AREQUIPA|CONDESUYOS|RÍO GRANDE|MUNICIPALIDAD DISTRITAL DE RÍO GRANDE|Plaza Principal Iquipi S/N
040607|AREQUIPA|CONDESUYOS|SALAMANCA|MUNICIPALIDAD DISTRITAL DE SALAMANCA|Plaza de Armas S/N Mz. S Lt. 15
040608|AREQUIPA|CONDESUYOS|YANAQUIHUA|MUNICIPALIDAD DISTRITAL DE YANAQUIHUA|Calle Grau S/N Mz. Z Lt. 4 - Plaza de Armas
040701|AREQUIPA|ISLAY|MOLLENDO|MUNICIPALIDAD PROVINCIAL DE MOLLENDO|Jr. Arequipa N° 261
040702|AREQUIPA|ISLAY|COCACHACRA|MUNICIPALIDAD DISTRITAL DE COCACHACRA|Av. Libertad N° 300
040703|AREQUIPA|ISLAY|DEAN VALDIVIA|MUNICIPALIDAD DISTRITAL DE DEAN VALDIVIA|Av. Dean Valdivia N° 504
040704|AREQUIPA|ISLAY|ISLAY|MUNICIPALIDAD DISTRITAL DE ISLAY|Av. Arequipa N° 175
040705|AREQUIPA|ISLAY|MEJÍA|MUNICIPALIDAD DISTRITAL DE MEJÍA|Av. Tambo N° 505
040706|AREQUIPA|ISLAY|PUNTA DE BOMBÓN|MUNICIPALIDAD DISTRITAL DE PUNTA DE BOMBÓN|Plaza 28 de Julio S/N
040801|AREQUIPA|LA UNIÓN|COTAHUASI|MUNICIPALIDAD PROVINCIAL DE COTAHUASI|Plaza Concepción N° 110
040802|AREQUIPA|LA UNIÓN|ALCA|MUNICIPALIDAD DISTRITAL DE ALCA|Calle Casimiro Peralta N° 103
040803|AREQUIPA|LA UNIÓN|CHARCANA|MUNICIPALIDAD DISTRITAL DE CHARCANA|Plaza de Armas S/N
040804|AREQUIPA|LA UNIÓN|HUAYNACOTAS|MUNICIPALIDAD DISTRITAL DE HUAYNACOTAS|Plaza Principal S/N
040805|AREQUIPA|LA UNIÓN|PAMPAMARCA|MUNICIPALIDAD DISTRITAL DE PAMPAMARCA|Plaza Principal S/N
040806|AREQUIPA|LA UNIÓN|PUYCA|MUNICIPALIDAD DISTRITAL DE PUYCA|Plaza Principal S/N
040807|AREQUIPA|LA UNIÓN|QUECHUALLA|MUNICIPALIDAD DISTRITAL DE QUECHUALLA|Plaza Principal S/N
040808|AREQUIPA|LA UNIÓN|SAYLA|MUNICIPALIDAD DISTRITAL DE SAYLA|Plaza de Armas S/N
040809|AREQUIPA|LA UNIÓN|TAURIA|MUNICIPALIDAD DISTRITAL DE TAURIA|Calle Ernesto Torres S/N
040810|AREQUIPA|LA UNIÓN|TOMEPAMPA|MUNICIPALIDAD DISTRITAL DE TOMEPAMPA|Plaza de Armas N° 109
040811|AREQUIPA|LA UNIÓN|TORO|MUNICIPALIDAD DISTRITAL DE TORO|Plaza Principal S/N
050101|AYACUCHO|HUAMANGA|AYACUCHO|MUNICIPALIDAD PROVINCIAL DE AYACUCHO|Calle Portal Municipal N° 144
050102|AYACUCHO|HUAMANGA|ACOCRO|MUNICIPALIDAD DISTRITAL DE ACOCRO|Plaza Principal S/N
050103|AYACUCHO|HUAMANGA|ACOS VINCHOS|MUNICIPALIDAD DISTRITAL DE ACOS VINCHOS|Plaza Principal S/N
050104|AYACUCHO|HUAMANGA|CARMEN ALTO|MUNICIPALIDAD DISTRITAL DE CARMEN ALTO|Av. Libertadores N° 100
050105|AYACUCHO|HUAMANGA|CHIARA|MUNICIPALIDAD DISTRITAL DE CHIARA|Plaza de Armas S/N
050106|AYACUCHO|HUAMANGA|OCROS|MUNICIPALIDAD DISTRITAL DE OCROS|Plaza Principal de Ocros N° 100 Mz. I Lt. 4
050107|AYACUCHO|HUAMANGA|PACAYCASA|MUNICIPALIDAD DISTRITAL DE PACAYCASA|Plaza Principal S/N
050108|AYACUCHO|HUAMANGA|QUINUA|MUNICIPALIDAD DISTRITAL DE QUINUA|Plaza de Armas S/N
050109|AYACUCHO|HUAMANGA|SAN JOSÉ DE TICLLAS|MUNICIPALIDAD DISTRITAL DE SAN JOSÉ DE TICLLAS|Plaza Principal S/N
050110|AYACUCHO|HUAMANGA|SAN JUAN BAUTISTA|MUNICIPALIDAD DISTRITAL DE SAN JUAN BAUTISTA|Jr. España N° 119 - Plaza Principal
050111|AYACUCHO|HUAMANGA|SANTIAGO DE PISCHA|MUNICIPALIDAD DISTRITAL DE SANTIAGO DE PISCHA|Plaza Principal S/N
050112|AYACUCHO|HUAMANGA|SOCOS|MUNICIPALIDAD DISTRITAL DE SOCOS|Plaza Principal S/N
050113|AYACUCHO|HUAMANGA|TAMBILLO|MUNICIPALIDAD DISTRITAL DE TAMBILLO|Plaza Principal S/N
050114|AYACUCHO|HUAMANGA|VINCHOS|MUNICIPALIDAD DISTRITAL DE VINCHOS|Plaza Principal S/N
050115|AYACUCHO|HUAMANGA|JESÚS NAZARENO|MUNICIPALIDAD DISTRITAL DE JESÚS NAZARENO|Av. Los Incas N° 389
050116|AYACUCHO|HUAMANGA|CÁCERES DORREGARAY|DORREGARAY|Lt. 15
050201|AYACUCHO|CANGALLO|CANGALLO|MUNICIPALIDAD PROVINCIAL DE CANGALLO|Plaza Principal N° 12
050202|AYACUCHO|CANGALLO|CHUSCHI|MUNICIPALIDAD DISTRITAL DE CHUSCHI|Plaza Principal S/N Mz. A Lt. 1 Km. 1
050203|AYACUCHO|CANGALLO|LOS MOROCHUCOS|MUNICIPALIDAD DISTRITAL DE LOS MOROCHUCOS|Jr. Los Morochucos N° 100
050204|AYACUCHO|CANGALLO|MARÍA PARADO DE BELLIDO|MUNICIPALIDAD DISTRITAL DE MARÍA PARADO DE BELLIDO|Plaza Principal N° 1 Mz. 2 Lt. 3
050205|AYACUCHO|CANGALLO|PARAS|MUNICIPALIDAD DISTRITAL DE PARAS|Plaza Principal S/N
050206|AYACUCHO|CANGALLO|TOTOS|MUNICIPALIDAD DISTRITAL DE TOTOS|Plaza Principal S/N
050301|AYACUCHO|HUANCA SANCOS|SANCOS|MUNICIPALIDAD PROVINCIAL DE SANCOS|Jr. Lima S/N - Plaza Principal
050302|AYACUCHO|HUANCA SANCOS|CARAPO|MUNICIPALIDAD DISTRITAL DE CARAPO|Plaza Principal S/N
050303|AYACUCHO|HUANCA SANCOS|SACSAMARCA|MUNICIPALIDAD DISTRITAL DE SACSAMARCA|Plaza Principal S/N Mz. A Lt. 6
050304|AYACUCHO|HUANCA SANCOS|SANTIAGO DE LUCANAMARCA|MUNICIPALIDAD DISTRITAL DE SANTIAGO DE LUCANAMARCA|Jr. 28 de Julio - Plaza Principal
050401|AYACUCHO|HUANTA|HUANTA|MUNICIPALIDAD PROVINCIAL DE HUANTA|Jr. Razuhuillca N° 183
050402|AYACUCHO|HUANTA|AYAHUANCO|MUNICIPALIDAD DISTRITAL DE AYAHUANCO|Av. Perú S/N - Plaza Principal Viracochan
050403|AYACUCHO|HUANTA|HUAMANGUILLA|MUNICIPALIDAD DISTRITAL DE HUAMANGUILLA|Plaza Principal S/N
050404|AYACUCHO|HUANTA|IGUAIN|MUNICIPALIDAD DISTRITAL DE IGUAIN|Plaza Principal Macachacra S/N
050405|AYACUCHO|HUANTA|LURICOCHA|MUNICIPALIDAD DISTRITAL DE LURICOCHA|Jr. Los Misioneros S/N - Plaza Central
050406|AYACUCHO|HUANTA|SANTILLANA|MUNICIPALIDAD DISTRITAL DE SANTILLANA|Plaza Principal de San José de Secce S/N
050407|AYACUCHO|HUANTA|SIVIA|MUNICIPALIDAD DISTRITAL DE SIVIA|Av. Gervasio Santillana S/N
050408|AYACUCHO|HUANTA|LLOCHEGUA|MUNICIPALIDAD DISTRITAL DE LLOCHEGUA|Plaza Principal S/N
050409|AYACUCHO|HUANTA|CANAYRE|MUNICIPALIDAD DISTRITAL DE CANAYRE|Plaza Principal S/N
050410|AYACUCHO|HUANTA|UCHURACCAY|MUNICIPALIDAD DISTRITAL DE UCHURACCAY|Plaza Principal Huaynacancha
050411|AYACUCHO|HUANTA|PUCACOLPA|MUNICIPALIDAD DISTRITAL DE PUCACOLPA|Plaza Principal N° 1 Mz. H Lt. 2 Km. 4
050412|AYACUCHO|HUANTA|CHACA|MUNICIPALIDAD DISTRITAL DE CHACA|Calle 28 de Julio S/N - Plaza Principal
050413|AYACUCHO|HUANTA|PUTIS|MUNICIPALIDAD DISTRITAL DE PUTIS|Plaza Principal S/N
050501|AYACUCHO|LA MAR|SAN MIGUEL|MUNICIPALIDAD PROVINCIAL DE SAN MIGUEL|Plaza Principal N° 103
050502|AYACUCHO|LA MAR|ANCO|MUNICIPALIDAD DISTRITAL DE ANCO|Plaza Principal Chiquintirca S/N Mz. V Lt. 1
050503|AYACUCHO|LA MAR|AYNA|MUNICIPALIDAD DISTRITAL DE AYNA|Av. Huanta S/N
050504|AYACUCHO|LA MAR|CHILCAS|MUNICIPALIDAD DISTRITAL DE CHILCAS|Plaza Principal S/N
050505|AYACUCHO|LA MAR|CHUNGUI|MUNICIPALIDAD DISTRITAL DE CHUNGUI|Plaza Principal S/N
050506|AYACUCHO|LA MAR|LUIS CARRANZA|MUNICIPALIDAD DISTRITAL DE LUIS CARRANZA|Plaza Principal S/N
050507|AYACUCHO|LA MAR|SANTA ROSA|MUNICIPALIDAD DISTRITAL DE SANTA ROSA|Jr. Unión N° 485 Mz. W Lt. 4 - Plaza Principal
050508|AYACUCHO|LA MAR|TAMBO|MUNICIPALIDAD DISTRITAL DE TAMBO|Plaza Principal S/N
050509|AYACUCHO|LA MAR|SAMUGARI|MUNICIPALIDAD DISTRITAL DE SAMUGARI|Jr. Los Laureles S/N Mz. R Lt. 25 - Plaza Principal
050510|AYACUCHO|LA MAR|ANCHIHUAY|MUNICIPALIDAD DISTRITAL DE ANCHIHUAY|Plaza Principal S/N
050511|AYACUCHO|LA MAR|ORONCCOY|MUNICIPALIDAD DISTRITAL DE ORONCCOY|Plaza Principal S/N
050512|AYACUCHO|LA MAR|UNION PROGRESO|MUNICIPALIDAD DISTRITAL DE UNION PROGRESO|Plaza Principal S/N
050513|AYACUCHO|LA MAR|RIO MAGDALENA|MUNICIPALIDAD DISTRITAL DE RIO MAGDALENA|Jr. Rio Bamba S/N
050514|AYACUCHO|LA MAR|NINABAMBA|MUNICIPALIDAD DISTRITAL DE NINABAMBA|Plaza Principal S/N
050515|AYACUCHO|LA MAR|PATIBAMBA|MUNICIPALIDAD DISTRITAL DE PATIBAMBA|Plaza de Armas S/N
050601|AYACUCHO|LUCANAS|PUQUIO|MUNICIPALIDAD PROVINCIAL DE PUQUIO|Jr. Ayacucho N° 136 - Plaza de Armas
050602|AYACUCHO|LUCANAS|AUCARA|MUNICIPALIDAD DISTRITAL DE AUCARA|Av. Apu Chauccalla S/N
050603|AYACUCHO|LUCANAS|CABANA|MUNICIPALIDAD DISTRITAL DE CABANA|Jr. Jorge Chávez N° 250 Mz. 11 Lt. 4
050604|AYACUCHO|LUCANAS|CARMEN SALCEDO|MUNICIPALIDAD DISTRITAL DE CARMEN SALCEDO|Jr. Miguel Grau S/N
050605|AYACUCHO|LUCANAS|CHAVIÑA|MUNICIPALIDAD DISTRITAL DE CHAVIÑA|Plaza Principal S/N
050606|AYACUCHO|LUCANAS|CHIPAO|MUNICIPALIDAD DISTRITAL DE CHIPAO|Jr. Miguel Grau S/N Mz. 10 Lt. 2 Km. 445.8 - Plaza de Armas
050607|AYACUCHO|LUCANAS|HUAC-HUAS|MUNICIPALIDAD DISTRITAL DE HUAC-HUAS|Av. Simón Bolívar S/N - Plaza de Armas
050608|AYACUCHO|LUCANAS|LARAMATE|MUNICIPALIDAD DISTRITAL DE LARAMATE|Jr. Ica S/N Mz. G Lt. 7 - Plaza de Armas
050609|AYACUCHO|LUCANAS|LEONCIO PRADO|MUNICIPALIDAD DISTRITAL DE LEONCIO PRADO|Plaza de Armas S/N
050610|AYACUCHO|LUCANAS|LLAUTA|MUNICIPALIDAD DISTRITAL DE LLAUTA|Calle Santa Rosa S/N
050611|AYACUCHO|LUCANAS|LUCANAS|MUNICIPALIDAD DISTRITAL DE LUCANAS|Jr. Atómico S/N - Plaza Principal
050612|AYACUCHO|LUCANAS|OCAÑA|MUNICIPALIDAD DISTRITAL DE OCAÑA|Av. Progreso S/N Mz. 6 Lt. 2
050613|AYACUCHO|LUCANAS|OTOCA|MUNICIPALIDAD DISTRITAL DE OTOCA|Plaza de Armas S/N
050614|AYACUCHO|LUCANAS|SAISA|MUNICIPALIDAD DISTRITAL DE SAISA|Plaza de Armas S/N
050615|AYACUCHO|LUCANAS|SAN CRISTÓBAL|MUNICIPALIDAD DISTRITAL DE SAN CRISTÓBAL|Jr. San Cristobal S/N
050616|AYACUCHO|LUCANAS|SAN JUAN|MUNICIPALIDAD DISTRITAL DE SAN JUAN|Jr. José María Arguedas S/N - Plaza de Armas
050617|AYACUCHO|LUCANAS|SAN PEDRO|MUNICIPALIDAD DISTRITAL DE SAN PEDRO|Jr. José María Arguedas N° 344
050618|AYACUCHO|LUCANAS|SAN PEDRO DE PALCO|MUNICIPALIDAD DISTRITAL DE SAN PEDRO DE PALCO|Plaza de Armas S/N
050619|AYACUCHO|LUCANAS|SANCOS|MUNICIPALIDAD DISTRITAL DE SANCOS|Jr. Alfonso Ugarte S/N - Plaza Principal
050620|AYACUCHO|LUCANAS|SANTA ANA DE HUAYCAHUACHO|MUNICIPALIDAD DISTRITAL DE SANTA ANA DE HUAYCAHUACHO|Plaza Principal S/N
050621|AYACUCHO|LUCANAS|SANTA LUCIA|MUNICIPALIDAD DISTRITAL DE SANTA LUCIA|Plaza de Armas S/N
050701|AYACUCHO|PARINACOCHAS|CORACORA|MUNICIPALIDAD PROVINCIAL DE CORACORA|Jr. Bolognesi S/N - Plaza de Armas
050702|AYACUCHO|PARINACOCHAS|CHUMPI|MUNICIPALIDAD DISTRITAL DE CHUMPI|Av. Progreso S/N
050703|AYACUCHO|PARINACOCHAS|CORONEL CASTAÑEDA|MUNICIPALIDAD DISTRITAL DE CORONEL CASTAÑEDA|Plaza de Armas S/N
050704|AYACUCHO|PARINACOCHAS|PACAPAUSA|MUNICIPALIDAD DISTRITAL DE PACAPAUSA|Plaza de Armas S/N
050705|AYACUCHO|PARINACOCHAS|PULLO|MUNICIPALIDAD DISTRITAL DE PULLO|Plaza de Armas S/N
050706|AYACUCHO|PARINACOCHAS|PUYUSCA|MUNICIPALIDAD DISTRITAL DE PUYUSCA|Plaza 5 de Marzo S/N
050707|AYACUCHO|PARINACOCHAS|SAN FRANCISCO DE RIVACAYCO|MUNICIPALIDAD DISTRITAL DE SAN FRANCISCO DE RIVACAYCO|Plaza de Armas S/N
050708|AYACUCHO|PARINACOCHAS|UPAHUACHO|MUNICIPALIDAD DISTRITAL DE UPAHUACHO|Plaza de Armas N° 9 Mz. K Lt. 9
050801|AYACUCHO|PAUCAR DEL SARA SARA|PAUSA|MUNICIPALIDAD PROVINCIAL DE PAUSA|Saavedra N° 455 Mz. L2 Lt. 11 - Plaza de Armas
050802|AYACUCHO|PAUCAR DEL SARA SARA|COLTA|MUNICIPALIDAD DISTRITAL DE COLTA|Plaza de Armas S/N
050803|AYACUCHO|PAUCAR DEL SARA SARA|CORCULLA|MUNICIPALIDAD DISTRITAL DE CORCULLA|Plaza Principal S/N
050804|AYACUCHO|PAUCAR DEL SARA SARA|LAMPA|MUNICIPALIDAD DISTRITAL DE LAMPA|Calle Comercio S/N Mz. V Lt. 4
050805|AYACUCHO|PAUCAR DEL SARA SARA|MARCABAMBA|MUNICIPALIDAD DISTRITAL DE MARCABAMBA|Av. 28 de Julio S/N
050806|AYACUCHO|PAUCAR DEL SARA SARA|OYOLO|MUNICIPALIDAD DISTRITAL DE OYOLO|Plaza de Armas S/N Mz. N Lt. 3
050807|AYACUCHO|PAUCAR DEL SARA SARA|PARARCA|MUNICIPALIDAD DISTRITAL DE PARARCA|Jr. Argentina S/N Mz. K1 Lt. 7
050808|AYACUCHO|PAUCAR DEL SARA SARA|SAN JAVIER DE ALPABAMBA|MUNICIPALIDAD DISTRITAL DE SAN JAVIER DE ALPABAMBA|Calle Parinacochas N° 3 Mz. H Lt. 3
050809|AYACUCHO|PAUCAR DEL SARA SARA|SAN JOSÉ DE USHUA|MUNICIPALIDAD DISTRITAL DE SAN JOSÉ DE USHUA|Plaza Principal S/N
050810|AYACUCHO|PAUCAR DEL SARA SARA|SARA SARA|MUNICIPALIDAD DISTRITAL DE SARA SARA|Av. Huamanga S/N Mz. B1 Lt. 2 - Plaza de Armas
050901|AYACUCHO|SUCRE|QUEROBAMBA|MUNICIPALIDAD PROVINCIAL DE QUEROBAMBA|Jr. San Martín S/N - Plaza Principal
050902|AYACUCHO|SUCRE|BELÉN|MUNICIPALIDAD DISTRITAL DE BELÉN|Plaza Principal S/N
050903|AYACUCHO|SUCRE|CHALCOS|MUNICIPALIDAD DISTRITAL DE CHALCOS|Plaza de Armas S/N
050904|AYACUCHO|SUCRE|CHILCAYOC|MUNICIPALIDAD DISTRITAL DE CHILCAYOC|Jr. Carrion S/N - Plaza Principal
050905|AYACUCHO|SUCRE|HUACAÑA|MUNICIPALIDAD DISTRITAL DE HUACAÑA|Plaza Principal S/N
050906|AYACUCHO|SUCRE|MORCOLLA|MUNICIPALIDAD DISTRITAL DE MORCOLLA|Plaza Principal S/N
050907|AYACUCHO|SUCRE|PAICO|MUNICIPALIDAD DISTRITAL DE PAICO|Plaza Principal S/N
050908|AYACUCHO|SUCRE|SAN PEDRO DE LARCAY|MUNICIPALIDAD DISTRITAL DE SAN PEDRO DE LARCAY|Av. Marciano Ferrel Castilla S/N
050909|AYACUCHO|SUCRE|SAN SALVADOR DE QUIJE|MUNICIPALIDAD DISTRITAL DE SAN SALVADOR DE QUIJE|Jr. Ayacucho S/N
050910|AYACUCHO|SUCRE|SANTIAGO DE PAUCARAY|MUNICIPALIDAD DISTRITAL DE SANTIAGO DE PAUCARAY|Calle Real S/N
050911|AYACUCHO|SUCRE|SORAS|MUNICIPALIDAD DISTRITAL DE SORAS|Jr. Simon Bolívar S/N
051001|AYACUCHO|VICTOR FAJARDO|HUANCAPI|MUNICIPALIDAD PROVINCIAL DE HUANCAPI|Jr. Lima N° 125 - Plaza Principal
051002|AYACUCHO|VICTOR FAJARDO|ALCAMENCA|MUNICIPALIDAD DISTRITAL DE ALCAMENCA|Plaza Principal S/N
051003|AYACUCHO|VICTOR FAJARDO|APONGO|MUNICIPALIDAD DISTRITAL DE APONGO|Plaza Principal S/N
051004|AYACUCHO|VICTOR FAJARDO|ASQUIPATA|MUNICIPALIDAD DISTRITAL DE ASQUIPATA|Plaza Principal S/N
051005|AYACUCHO|VICTOR FAJARDO|CANARIA|MUNICIPALIDAD DISTRITAL DE CANARIA|Plaza Principal S/N
051006|AYACUCHO|VICTOR FAJARDO|CAYARA|MUNICIPALIDAD DISTRITAL DE CAYARA|Plaza Principal S/N
051007|AYACUCHO|VICTOR FAJARDO|COLCA|MUNICIPALIDAD DISTRITAL DE COLCA|Plaza Principal S/N
051008|AYACUCHO|VICTOR FAJARDO|HUAMANQUIQUIA|MUNICIPALIDAD DISTRITAL DE HUAMANQUIQUIA|Plaza Principal S/N
051009|AYACUCHO|VICTOR FAJARDO|HUANCARAYLLA|MUNICIPALIDAD DISTRITAL DE HUANCARAYLLA|Plaza Principal N° 2 Mz. Q Lt. 1 Km. 116
051010|AYACUCHO|VICTOR FAJARDO|HUALLA|MUNICIPALIDAD DISTRITAL DE HUALLA|Plaza Principal N° 1
051011|AYACUCHO|VICTOR FAJARDO|SARHUA|MUNICIPALIDAD DISTRITAL DE SARHUA|Plaza Principal S/N
051012|AYACUCHO|VICTOR FAJARDO|VILCANCHOS|MUNICIPALIDAD DISTRITAL DE VILCANCHOS|Plaza Principal S/N
051101|AYACUCHO|VILCAS HUAMÁN|VILCAS HUAMÁN|MUNICIPALIDAD PROVINCIAL DE VILCAS HUAMÁN|Plaza Principal S/N
051102|AYACUCHO|VILCAS HUAMÁN|ACCOMARCA|MUNICIPALIDAD DISTRITAL DE ACCOMARCA|Plaza Principal S/N
051103|AYACUCHO|VILCAS HUAMÁN|CARHUANCA|MUNICIPALIDAD DISTRITAL DE CARHUANCA|Plaza Principal S/N
051104|AYACUCHO|VILCAS HUAMÁN|CONCEPCIÓN|MUNICIPALIDAD DISTRITAL DE CONCEPCIÓN|Plaza Principal S/N
051105|AYACUCHO|VILCAS HUAMÁN|HUAMBALPA|MUNICIPALIDAD DISTRITAL DE HUAMBALPA|Plaza Principal S/N
051106|AYACUCHO|VILCAS HUAMÁN|INDEPENDENCIA|MUNICIPALIDAD DISTRITAL DE INDEPENDENCIA|Plaza Principal S/N
051107|AYACUCHO|VILCAS HUAMÁN|SAURAMA|MUNICIPALIDAD DISTRITAL DE SAURAMA|Plaza Principal S/N
051108|AYACUCHO|VILCAS HUAMÁN|VISCHONGO|MUNICIPALIDAD DISTRITAL DE VISCHONGO|Plaza Principal S/N
060101|CAJAMARCA|CAJAMARCA|CAJAMARCA|MUNICIPALIDAD PROVINCIAL DE CAJAMARCA|Av. Alameda de Los Incas N° 253
060102|CAJAMARCA|CAJAMARCA|ASUNCIÓN|MUNICIPALIDAD DISTRITAL DE ASUNCIÓN|Jr. Cuzco N° 135
060103|CAJAMARCA|CAJAMARCA|CHETILLA|MUNICIPALIDAD DISTRITAL DE CHETILLA|Jr. San Pedro S/N
060104|CAJAMARCA|CAJAMARCA|COSPÁN|MUNICIPALIDAD DISTRITAL DE COSPÁN|Jr. Bolívar S/N
060105|CAJAMARCA|CAJAMARCA|ENCAÑADA|MUNICIPALIDAD DISTRITAL DE ENCAÑADA|Jr. Lima N° 153 Mz. O Lt. O
060106|CAJAMARCA|CAJAMARCA|JESÚS|MUNICIPALIDAD DISTRITAL DE JESÚS|Jr. Grau N° 621
060107|CAJAMARCA|CAJAMARCA|LLACANORA|MUNICIPALIDAD DISTRITAL DE LLACANORA|Jr. Miguel Grau N° 120
060108|CAJAMARCA|CAJAMARCA|LOS BAÑOS DEL INCA|MUNICIPALIDAD DISTRITAL DE LOS BAÑOS DEL INCA|Av. Atahualpa S/N - Plaza de Armas
060109|CAJAMARCA|CAJAMARCA|MAGDALENA|MUNICIPALIDAD DISTRITAL DE MAGDALENA|Jr. José Olaya N° 146
060110|CAJAMARCA|CAJAMARCA|MATARA|MUNICIPALIDAD DISTRITAL DE MATARA|Jr. Ricardo Palma N° 400
060111|CAJAMARCA|CAJAMARCA|NAMORA|MUNICIPALIDAD DISTRITAL DE NAMORA|Jr. Libertad N° 105
060112|CAJAMARCA|CAJAMARCA|SAN JUAN|MUNICIPALIDAD DISTRITAL DE SAN JUAN|Av. San Juan N° 1000
060201|CAJAMARCA|CAJABAMBA|CAJABAMBA|MUNICIPALIDAD PROVINCIAL DE CAJABAMBA|Jr. Alfonso Urgarte N° 620
060202|CAJAMARCA|CAJABAMBA|CACHACHI|MUNICIPALIDAD DISTRITAL DE CACHACHI|Plaza de Armas S/N
060203|CAJAMARCA|CAJABAMBA|CONDEBAMBA|MUNICIPALIDAD DISTRITAL DE CONDEBAMBA|Av. Cajamarca N° 394
060204|CAJAMARCA|CAJABAMBA|SITACOCHA|MUNICIPALIDAD DISTRITAL DE SITACOCHA|Jr. 28 de Julio N° 302
060301|CAJAMARCA|CELENDÍN|CELENDÍN|MUNICIPALIDAD PROVINCIAL DE CELENDÍN|Jr. José Galvez N° 614
060302|CAJAMARCA|CELENDÍN|CHUMUCH|MUNICIPALIDAD DISTRITAL DE CHUMUCH|Jr. Coquelet Orrego S/N - Plaza de Armas
060303|CAJAMARCA|CELENDÍN|CORTEGANA|MUNICIPALIDAD DISTRITAL DE CORTEGANA|Jr. Celendín S/N - Plaza de Armas
060304|CAJAMARCA|CELENDÍN|HUASMÍN|MUNICIPALIDAD DISTRITAL DE HUASMÍN|Jr. Arequipa N° 47 - Plaza de Armas
060305|CAJAMARCA|CELENDÍN|JORGE CHÁVEZ|MUNICIPALIDAD DISTRITAL DE JORGE CHÁVEZ|Jr. El Comercio S/N
060306|CAJAMARCA|CELENDÍN|JOSÉ GÁLVEZ|MUNICIPALIDAD DISTRITAL DE JOSÉ GÁLVEZ|Av. Marañón N° 879 - Plaza de Armas
060307|CAJAMARCA|CELENDÍN|MIGUEL IGLESIAS|MUNICIPALIDAD DISTRITAL DE MIGUEL IGLESIAS|Jr. La Concordia S/N
060308|CAJAMARCA|CELENDÍN|OXAMARCA|MUNICIPALIDAD DISTRITAL DE OXAMARCA|Jr. Dos de Mayo S/N - Plaza de Armas
060309|CAJAMARCA|CELENDÍN|SOROCHUCO|MUNICIPALIDAD DISTRITAL DE SOROCHUCO|Jr. Amazonas N° 213 - Plaza de Armas
060310|CAJAMARCA|CELENDÍN|SUCRE|MUNICIPALIDAD DISTRITAL DE SUCRE|Jr. Nazareo Chávez N° 201
060311|CAJAMARCA|CELENDÍN|UTCO|MUNICIPALIDAD DISTRITAL DE UTCO|Carretera Limon Km. 35
060312|CAJAMARCA|CELENDÍN|LA LIBERTAD DE PALLÁN|MUNICIPALIDAD DISTRITAL DE LA LIBERTAD DE PALLÁN|Jr. La Purísima N° 230 - Plaza de Armas
060401|CAJAMARCA|CHOTA|CHOTA|MUNICIPALIDAD PROVINCIAL DE CHOTA|Jr. Anaximandro Vega N° 409
060402|CAJAMARCA|CHOTA|ANGUIA|MUNICIPALIDAD DISTRITAL DE ANGUIA|Calle Comercio N° 212
060403|CAJAMARCA|CHOTA|CHADIN|MUNICIPALIDAD DISTRITAL DE CHADIN|Jr. Cevallos Chávez N° 255
060404|CAJAMARCA|CHOTA|CHIGUIRIP|MUNICIPALIDAD DISTRITAL DE CHIGUIRIP|Av. Pascual Pérez Diaz S/N
060405|CAJAMARCA|CHOTA|CHIMBÁN|MUNICIPALIDAD DISTRITAL DE CHIMBÁN|Jr. Cajamarca S/N
060406|CAJAMARCA|CHOTA|CHOROPAMPA|MUNICIPALIDAD DISTRITAL DE CHOROPAMPA|Jr. Santísima Cruz de Mayo S/N
060407|CAJAMARCA|CHOTA|COCHABAMBA|MUNICIPALIDAD DISTRITAL DE COCHABAMBA|Jr. Cajamarca N° 100 - Plaza de Armas
060408|CAJAMARCA|CHOTA|CONCHÁN|MUNICIPALIDAD DISTRITAL DE CONCHÁN|Jr. Grau N° 198
060409|CAJAMARCA|CHOTA|HUAMBOS|MUNICIPALIDAD DISTRITAL DE HUAMBOS|Calle Miguel Grau S/N
060410|CAJAMARCA|CHOTA|LAJAS|MUNICIPALIDAD DISTRITAL DE LAJAS|Jr. 28 de Julio N° 231 - Plaza de Armas
060411|CAJAMARCA|CHOTA|LLAMA|MUNICIPALIDAD DISTRITAL DE LLAMA|Calle Inca Garcilazo de La Vega N° 141
060412|CAJAMARCA|CHOTA|MIRACOSTA|MUNICIPALIDAD DISTRITAL DE MIRACOSTA|Calle Alfonso Ugarte S/N - Plaza de Armas
060413|CAJAMARCA|CHOTA|PACCHA|MUNICIPALIDAD DISTRITAL DE PACCHA|Jr. Gregorio Malca N° 300
060414|CAJAMARCA|CHOTA|PION 2/|MUNICIPALIDAD DISTRITAL DE PION 2/|Calle Lima N° 102
060415|CAJAMARCA|CHOTA|QUEROCOTO|MUNICIPALIDAD DISTRITAL DE QUEROCOTO|Calle Comercio N° 451
060416|CAJAMARCA|CHOTA|SAN JUAN DE LICUPIS|MUNICIPALIDAD DISTRITAL DE SAN JUAN DE LICUPIS|Calle Pedro Verano S/N - Plaza de Armas
060417|CAJAMARCA|CHOTA|TACABAMBA|MUNICIPALIDAD DISTRITAL DE TACABAMBA|Jr. Lima N° 549
060418|CAJAMARCA|CHOTA|TOCMOCHE|MUNICIPALIDAD DISTRITAL DE TOCMOCHE|Calle 18 de Setiembre S/N - Plaza de Armas
060419|CAJAMARCA|CHOTA|CHALAMARCA|MUNICIPALIDAD DISTRITAL DE CHALAMARCA|Jr. Julio Vásquez Acuña S/N
060501|CAJAMARCA|CONTUMAZÁ|CONTUMAZÁ|MUNICIPALIDAD PROVINCIAL DE CONTUMAZÁ|Jr. Octavio Alva N° 260
060502|CAJAMARCA|CONTUMAZÁ|CHILETE|MUNICIPALIDAD DISTRITAL DE CHILETE|Jr. Ignacio Prado N° 128
060503|CAJAMARCA|CONTUMAZÁ|CUPISNIQUE|MUNICIPALIDAD DISTRITAL DE CUPISNIQUE|Plaza de Armas N° 201
060504|CAJAMARCA|CONTUMAZÁ|GUZMANGO|MUNICIPALIDAD DISTRITAL DE GUZMANGO|Jr. Cajamarca N° 19
060505|CAJAMARCA|CONTUMAZÁ|SAN BENITO|MUNICIPALIDAD DISTRITAL DE SAN BENITO|Jr. Unión N° 206
060506|CAJAMARCA|CONTUMAZÁ|SANTA CRUZ DE TOLED|MUNICIPALIDAD DISTRITAL DE SANTA CRUZ DE TOLED|Jr. Fidel Zárate Plasencia S/N
060507|CAJAMARCA|CONTUMAZÁ|TANTARICA|MUNICIPALIDAD DISTRITAL DE TANTARICA|Jr. Jucón N° 120
060508|CAJAMARCA|CONTUMAZÁ|YONÁN|MUNICIPALIDAD DISTRITAL DE YONÁN|Plaza de Armas S/N
060601|CAJAMARCA|CUTERVO|CUTERVO|MUNICIPALIDAD PROVINCIAL DE CUTERVO|Jr. Ramón Castilla N° 403 Mz. 64 Lt. 1
060602|CAJAMARCA|CUTERVO|CALLAYUC|MUNICIPALIDAD DISTRITAL DE CALLAYUC|Calle Sáenz Peña N° 104
060603|CAJAMARCA|CUTERVO|CHOROS|MUNICIPALIDAD DISTRITAL DE CHOROS|Jr. Rodriguez Tafur S/N
060604|CAJAMARCA|CUTERVO|CUJILLO|MUNICIPALIDAD DISTRITAL DE CUJILLO|Calle Cutervo S/N
060605|CAJAMARCA|CUTERVO|LA RAMADA|MUNICIPALIDAD DISTRITAL DE LA RAMADA|Jr. 6 de Octubre S/N - Plaza de Armas
060606|CAJAMARCA|CUTERVO|PIMPINGOS|MUNICIPALIDAD DISTRITAL DE PIMPINGOS|Calle Unión N° 117
060607|CAJAMARCA|CUTERVO|QUEROCOTILLO|MUNICIPALIDAD DISTRITAL DE QUEROCOTILLO|Calle Cajamarca N° 290
060608|CAJAMARCA|CUTERVO|SAN ANDRÉS DE CUTERVO|MUNICIPALIDAD DISTRITAL DE SAN ANDRÉS DE CUTERVO|Calle César Vallejo N° 311
060609|CAJAMARCA|CUTERVO|SAN JUAN DE CUTERVO|MUNICIPALIDAD DISTRITAL DE SAN JUAN DE CUTERVO|Calle San Isidro S/N
060610|CAJAMARCA|CUTERVO|SAN LUIS DE LUCMA|MUNICIPALIDAD DISTRITAL DE SAN LUIS DE LUCMA|Calle Comercio N° 650
060611|CAJAMARCA|CUTERVO|SANTA CRUZ|MUNICIPALIDAD DISTRITAL DE SANTA CRUZ|Calle 09 Mayo N° 34
060612|CAJAMARCA|CUTERVO|SANTO DOMINGO DE LA CAPILLA|MUNICIPALIDAD DISTRITAL DE SANTO DOMINGO DE LA CAPILLA|Plaza de Armas S/N
060613|CAJAMARCA|CUTERVO|SANTO TOMÁS|MUNICIPALIDAD DISTRITAL DE SANTO TOMÁS|Jr. Sucre N° 231
060614|CAJAMARCA|CUTERVO|SOCOTA|MUNICIPALIDAD DISTRITAL DE SOCOTA|Calle 14 de Mayo S/N
060615|CAJAMARCA|CUTERVO|TORIBIO CASANOVA|MUNICIPALIDAD DISTRITAL DE TORIBIO CASANOVA|Calle San Martín S/N - Cdra. 2 (La Sacilia)
060701|CAJAMARCA|HUALGAYOC|BAMBAMARCA|MUNICIPALIDAD PROVINCIAL DE BAMBAMARCA|Jr. Miguel Grau N° 320
060702|CAJAMARCA|HUALGAYOC|CHUGUR|MUNICIPALIDAD DISTRITAL DE CHUGUR|Jr. Bolívar N° 207
060703|CAJAMARCA|HUALGAYOC|HUALGAYOC|MUNICIPALIDAD DISTRITAL DE HUALGAYOC|Jr. Emilio Montoya S/N
060801|CAJAMARCA|JAÉN|JAÉN|MUNICIPALIDAD PROVINCIAL DE JAÉN|Calle Orellana N° 313
060802|CAJAMARCA|JAÉN|BELLAVISTA|MUNICIPALIDAD DISTRITAL DE BELLAVISTA|Calle 06 de Agosto N° 269
060803|CAJAMARCA|JAÉN|CHONTALI|MUNICIPALIDAD DISTRITAL DE CHONTALI|Calle Comercio S/N
060804|CAJAMARCA|JAÉN|COLASAY|MUNICIPALIDAD DISTRITAL DE COLASAY|Calle Principal S/N
060805|CAJAMARCA|JAÉN|HUABAL|MUNICIPALIDAD DISTRITAL DE HUABAL|Av. Jaén S/N - Paza de Armas
060806|CAJAMARCA|JAÉN|LAS PIRIAS|MUNICIPALIDAD DISTRITAL DE LAS PIRIAS|Calle Ángel Custodio Villanueva N° 108
060807|CAJAMARCA|JAÉN|POMAHUACA|MUNICIPALIDAD DISTRITAL DE POMAHUACA|Av. Balta N° 173
060808|CAJAMARCA|JAÉN|PUCARÁ|MUNICIPALIDAD DISTRITAL DE PUCARÁ|Av. Lindo N° 548
060809|CAJAMARCA|JAÉN|SALLIQUE|MUNICIPALIDAD DISTRITAL DE SALLIQUE|Calle Señor de La Humildad S/N
060810|CAJAMARCA|JAÉN|SAN FELIPE|MUNICIPALIDAD DISTRITAL DE SAN FELIPE|Atahualpa S/N - Plaza de Armas
060811|CAJAMARCA|JAÉN|SAN JOSÉ DEL ALTO|MUNICIPALIDAD DISTRITAL DE SAN JOSÉ DEL ALTO|Av. Jaén N° 440
060812|CAJAMARCA|JAÉN|SANTA ROSA|MUNICIPALIDAD DISTRITAL DE SANTA ROSA|Calle Comercio N° 338
060901|CAJAMARCA|SAN IGNACIO|SAN IGNACIO|MUNICIPALIDAD PROVINCIAL DE SAN IGNACIO|Av. San Ignacio N° 101 Mz. 11 Lt. 5
060902|CAJAMARCA|SAN IGNACIO|CHIRINOS|MUNICIPALIDAD DISTRITAL DE CHIRINOS|Calle San Francisco S/N
060903|CAJAMARCA|SAN IGNACIO|HUARANGO|MUNICIPALIDAD DISTRITAL DE HUARANGO|Jr. 13 de Junio N° 248
060904|CAJAMARCA|SAN IGNACIO|LA COIPA|MUNICIPALIDAD DISTRITAL DE LA COIPA|Av. San Martín N° 407
060905|CAJAMARCA|SAN IGNACIO|NAMBALLE|MUNICIPALIDAD DISTRITAL DE NAMBALLE|Calle Carlos Carrión N° 423
060906|CAJAMARCA|SAN IGNACIO|SAN JOSÉ DE LOURDES|MUNICIPALIDAD DISTRITAL DE SAN JOSÉ DE LOURDES|Jr. Tacna N° 104
060907|CAJAMARCA|SAN IGNACIO|TABACONAS|MUNICIPALIDAD DISTRITAL DE TABACONAS|Calle Coyona S/N - Parque Principal
061001|CAJAMARCA|SAN MARCOS|PEDRO GÁLVEZ|MUNICIPALIDAD PROVINCIAL DE PEDRO GÁLVEZ|Jr. Leoncio Prado N° 360
061002|CAJAMARCA|SAN MARCOS|CHANCAY|MUNICIPALIDAD DISTRITAL DE CHANCAY|Jr. Los Precursores S/N
061003|CAJAMARCA|SAN MARCOS|EDUARDO VILLANUEVA|MUNICIPALIDAD DISTRITAL DE EDUARDO VILLANUEVA|Av. San Juan N° 498
061004|CAJAMARCA|SAN MARCOS|GREGORIO PITA|MUNICIPALIDAD DISTRITAL DE GREGORIO PITA|Calle Real S/N - Plaza de Armas
061005|CAJAMARCA|SAN MARCOS|ICHOCÁN|MUNICIPALIDAD DISTRITAL DE ICHOCÁN|Jr. Antonio Raymondi N° 324
061006|CAJAMARCA|SAN MARCOS|JOSÉ MANUEL QUIROZ|MUNICIPALIDAD DISTRITAL DE JOSÉ MANUEL QUIROZ|Plaza de Armas Shirac S/N
061007|CAJAMARCA|SAN MARCOS|JOSÉ SABOGAL|MUNICIPALIDAD DISTRITAL DE JOSÉ SABOGAL|Av. El Maestro S/N - Plaza de Armas
061101|CAJAMARCA|SAN MIGUEL|SAN MIGUEL|MUNICIPALIDAD PROVINCIAL DE SAN MIGUEL|Jr. Bolognesi N° 407
061102|CAJAMARCA|SAN MIGUEL|BOLÍVAR|MUNICIPALIDAD DISTRITAL DE BOLÍVAR|Calle San Martín N° 300
061103|CAJAMARCA|SAN MIGUEL|CALQUIS|MUNICIPALIDAD DISTRITAL DE CALQUIS|Jr. San Miguel S/N
061104|CAJAMARCA|SAN MIGUEL|CATILLUC|MUNICIPALIDAD DISTRITAL DE CATILLUC|Jr. 20 de Agosto N° 453
061105|CAJAMARCA|SAN MIGUEL|EL PRADO|MUNICIPALIDAD DISTRITAL DE EL PRADO|Jr. San Isidro N° 297
061106|CAJAMARCA|SAN MIGUEL|LA FLORIDA|MUNICIPALIDAD DISTRITAL DE LA FLORIDA|Calle Simón Bolívar N° 200
061107|CAJAMARCA|SAN MIGUEL|LLAPA|MUNICIPALIDAD DISTRITAL DE LLAPA|Jr. Ramón Castilla N° 250
061108|CAJAMARCA|SAN MIGUEL|NANCHOC|MUNICIPALIDAD DISTRITAL DE NANCHOC|Calle Miguel Grau S/N
061109|CAJAMARCA|SAN MIGUEL|NIEPOS|MUNICIPALIDAD DISTRITAL DE NIEPOS|Calle Progreso N° 220
061110|CAJAMARCA|SAN MIGUEL|SAN GREGORIO|MUNICIPALIDAD DISTRITAL DE SAN GREGORIO|Jr. Franciso Huerta N° 5
061111|CAJAMARCA|SAN MIGUEL|SAN SILVESTRE DE COCHÁN|MUNICIPALIDAD DISTRITAL DE SAN SILVESTRE DE COCHÁN|Av. Cajamarca N° 411
061112|CAJAMARCA|SAN MIGUEL|TONGOD|MUNICIPALIDAD DISTRITAL DE TONGOD|Jr. San Martín N° 369
061113|CAJAMARCA|SAN MIGUEL|UNIÓN AGUA BLANCA|MUNICIPALIDAD DISTRITAL DE UNIÓN AGUA BLANCA|Calle José María Flores N° 113
061201|CAJAMARCA|SAN PABLO|SAN PABLO|MUNICIPALIDAD PROVINCIAL DE SAN PABLO|Jr. Lima N° 769
061202|CAJAMARCA|SAN PABLO|SAN BERNARDINO|MUNICIPALIDAD DISTRITAL DE SAN BERNARDINO|Jr. 11 de Diciembre N° 130
061203|CAJAMARCA|SAN PABLO|SAN LUIS|MUNICIPALIDAD DISTRITAL DE SAN LUIS|Jr. Lima N° 315 Mz. 9 Lt. 1
061204|CAJAMARCA|SAN PABLO|TUMBADÉN|MUNICIPALIDAD DISTRITAL DE TUMBADÉN|Calle 11 de Diciembre S/N
061301|CAJAMARCA|SANTA CRUZ|SANTA CRUZ|MUNICIPALIDAD PROVINCIAL DE SANTA CRUZ|Jr. Cutervo N° 330 - Plaza Principal
061302|CAJAMARCA|SANTA CRUZ|ANDABAMBA|MUNICIPALIDAD DISTRITAL DE ANDABAMBA|Calle Eleodoro Benel Zuoleta S/N - Plaza de Armas
061303|CAJAMARCA|SANTA CRUZ|CATACHE|MUNICIPALIDAD DISTRITAL DE CATACHE|Calle San Agustín N° 475
061304|CAJAMARCA|SANTA CRUZ|CHANCAYBAÑOS|MUNICIPALIDAD DISTRITAL DE CHANCAYBAÑOS|Jr. 13 de Junio N° 560
061305|CAJAMARCA|SANTA CRUZ|LA ESPERANZA|MUNICIPALIDAD DISTRITAL DE LA ESPERANZA|Jr. Túpac Amaru S/N
061306|CAJAMARCA|SANTA CRUZ|NINABAMBA|MUNICIPALIDAD DISTRITAL DE NINABAMBA|Calle Burga Puelles S/N
061307|CAJAMARCA|SANTA CRUZ|PULÁN|MUNICIPALIDAD DISTRITAL DE PULÁN|Jr. 9 de Agosto S/N
061308|CAJAMARCA|SANTA CRUZ|SAUCEPAMPA|MUNICIPALIDAD DISTRITAL DE SAUCEPAMPA|Calle Marino Becerra S/N
061309|CAJAMARCA|SANTA CRUZ|SEXI|MUNICIPALIDAD DISTRITAL DE SEXI|Jr. San Martín S/N
061310|CAJAMARCA|SANTA CRUZ|UTICYACU|MUNICIPALIDAD DISTRITAL DE UTICYACU|Jr. Zarumilla - Plaza de Armas S/N
061311|CAJAMARCA|SANTA CRUZ|YAUYUCÁN|MUNICIPALIDAD DISTRITAL DE YAUYUCÁN|Av. Cajamarca S/N Mz. 25 Lt. 15
070101|CALLAO|CALLAO|CALLAO|MUNICIPALIDAD PROVINCIAL DE CALLAO|Jr. Paz Soldán N° 252
070102|CALLAO|CALLAO|BELLAVISTA|MUNICIPALIDAD DISTRITAL DE BELLAVISTA|Jr. Francisco Bolognesi N° 498
070103|CALLAO|CALLAO|CARMEN DE LA LEGUA REYNOSO|MUNICIPALIDAD DISTRITAL DE CARMEN DE LA LEGUA REYNOSO|Av. Primero de Mayo N° 898
070104|CALLAO|CALLAO|LA PERLA|MUNICIPALIDAD DISTRITAL DE LA PERLA|Calle Juan José Pardo N° 598
070105|CALLAO|CALLAO|LA PUNTA|MUNICIPALIDAD DISTRITAL DE LA PUNTA|Jr. Sáenz Peña N° 298
070106|CALLAO|CALLAO|VENTANILLA|MUNICIPALIDAD DISTRITAL DE VENTANILLA|Av. La Playa N° 188
070107|CALLAO|CALLAO|MI PERÚ|MUNICIPALIDAD DISTRITAL DE MI PERÚ|Av. Ayacucho N° 7 Mz. G Lt. 6
080101|CUSCO|CUSCO|CUSCO|MUNICIPALIDAD PROVINCIAL DE CUSCO|Plaza Kusipata S/N
080102|CUSCO|CUSCO|CCORCA|MUNICIPALIDAD DISTRITAL DE CCORCA|Plaza de Armas S/N
080103|CUSCO|CUSCO|POROY|MUNICIPALIDAD DISTRITAL DE POROY|Plaza Domingo Echegaray S/N
080104|CUSCO|CUSCO|SAN JERÓNIMO|MUNICIPALIDAD DISTRITAL DE SAN JERÓNIMO|Plaza de Armas S/N
080105|CUSCO|CUSCO|SAN SEBASTIÁN|MUNICIPALIDAD DISTRITAL DE SAN SEBASTIÁN|Plaza de Armas S/N
080106|CUSCO|CUSCO|SANTIAGO|MUNICIPALIDAD DISTRITAL DE SANTIAGO|Av. Ruíz Caro S/N
080107|CUSCO|CUSCO|SAYLLA|MUNICIPALIDAD DISTRITAL DE SAYLLA|Plaza Principal S/N
080108|CUSCO|CUSCO|WANCHAQ|MUNICIPALIDAD DISTRITAL DE WANCHAQ|Av. La Cultura N° 500
080201|CUSCO|ACOMAYO|ACOMAYO|MUNICIPALIDAD PROVINCIAL DE ACOMAYO|Plaza de Armas S/N
080202|CUSCO|ACOMAYO|ACOPIA|MUNICIPALIDAD DISTRITAL DE ACOPIA|Plaza de Armas N° 211
080203|CUSCO|ACOMAYO|ACOS|MUNICIPALIDAD DISTRITAL DE ACOS|Plaza de Armas S/N
080204|CUSCO|ACOMAYO|MOSOC LLACTA|MUNICIPALIDAD DISTRITAL DE MOSOC LLACTA|Calle Tupac Amaru S/N
080205|CUSCO|ACOMAYO|POMACANCHI|MUNICIPALIDAD DISTRITAL DE POMACANCHI|Plaza de Armas N° 100
080206|CUSCO|ACOMAYO|RONDOCÁN|MUNICIPALIDAD DISTRITAL DE RONDOCÁN|Plaza de Armas S/N
080207|CUSCO|ACOMAYO|SANGARARA|MUNICIPALIDAD DISTRITAL DE SANGARARA|Plaza de Armas S/N
080301|CUSCO|ANTA|ANTA|MUNICIPALIDAD PROVINCIAL DE ANTA|Av. Los Andes S/N
080302|CUSCO|ANTA|ANCAHUASI|MUNICIPALIDAD DISTRITAL DE ANCAHUASI|Plaza de Armas S/N
080303|CUSCO|ANTA|CACHIMAYO|MUNICIPALIDAD DISTRITAL DE CACHIMAYO|Av. Leónidas Rodriguez N° 276
080304|CUSCO|ANTA|CHINCHAYPUJIO|MUNICIPALIDAD DISTRITAL DE CHINCHAYPUJIO|Plaza de Armas S/N
080305|CUSCO|ANTA|HUAROCONDO|MUNICIPALIDAD DISTRITAL DE HUAROCONDO|Plaza de Armas S/N
080306|CUSCO|ANTA|LIMATAMBO|MUNICIPALIDAD DISTRITAL DE LIMATAMBO|Plaza de Armas S/N Mz. A Lt. 1 Km. 57
080307|CUSCO|ANTA|MOLLEPATA|MUNICIPALIDAD DISTRITAL DE MOLLEPATA|Plaza de Armas S/N
080308|CUSCO|ANTA|PUCYURA|MUNICIPALIDAD DISTRITAL DE PUCYURA|Jr. Lima S/N
080309|CUSCO|ANTA|ZURITE|MUNICIPALIDAD DISTRITAL DE ZURITE|Plaza de Armas S/N
080401|CUSCO|CALCA|CALCA|MUNICIPALIDAD PROVINCIAL DE CALCA|Plaza de Armas S/N
080402|CUSCO|CALCA|COYA|MUNICIPALIDAD DISTRITAL DE COYA|Plaza de Armas S/N
080403|CUSCO|CALCA|LAMAY|MUNICIPALIDAD DISTRITAL DE LAMAY|Plaza de Armas S/N
080404|CUSCO|CALCA|LARES|MUNICIPALIDAD DISTRITAL DE LARES|Calle Bolognesi S/N
080405|CUSCO|CALCA|PISAC|MUNICIPALIDAD DISTRITAL DE PISAC|Plaza Constitución N° 519
080406|CUSCO|CALCA|SAN SALVADOR|MUNICIPALIDAD DISTRITAL DE SAN SALVADOR|Plaza Principal S/N
080407|CUSCO|CALCA|TARAY|MUNICIPALIDAD DISTRITAL DE TARAY|Plaza de Armas S/N
080408|CUSCO|CALCA|YANATILE|MUNICIPALIDAD DISTRITAL DE YANATILE|Plaza de Armas S/N
080501|CUSCO|CANAS|YANAOCA|MUNICIPALIDAD PROVINCIAL DE YANAOCA|Plaza de Armas S/N
080502|CUSCO|CANAS|CHECCA|MUNICIPALIDAD DISTRITAL DE CHECCA|Plaza de Armas S/N
080503|CUSCO|CANAS|KUNTURKANKI|MUNICIPALIDAD DISTRITAL DE KUNTURKANKI|Plaza de Armas S/N
080504|CUSCO|CANAS|LANGUI|MUNICIPALIDAD DISTRITAL DE LANGUI|Plaza de Armas S/N
080505|CUSCO|CANAS|LAYO|MUNICIPALIDAD DISTRITAL DE LAYO|Plaza de Armas S/N
080506|CUSCO|CANAS|PAMPAMARCA|MUNICIPALIDAD DISTRITAL DE PAMPAMARCA|Plaza de Armas S/N
080507|CUSCO|CANAS|QUEHUE|MUNICIPALIDAD DISTRITAL DE QUEHUE|Plaza de Armas S/N
080508|CUSCO|CANAS|TÚPAC AMARU|MUNICIPALIDAD DISTRITAL DE TÚPAC AMARU|Plaza de Justicia Social de Tungasuca S/N
080601|CUSCO|CANCHIS|SICUANI|MUNICIPALIDAD PROVINCIAL DE SICUANI|Jr. 28 de Julio N° 128 - Plaza de Armas
080602|CUSCO|CANCHIS|CHECACUPE|MUNICIPALIDAD DISTRITAL DE CHECACUPE|Plaza de Armas S/N
080603|CUSCO|CANCHIS|COMBAPATA|MUNICIPALIDAD DISTRITAL DE COMBAPATA|Plaza de Armas S/N
080604|CUSCO|CANCHIS|MARANGANI|MUNICIPALIDAD DISTRITAL DE MARANGANI|Plaza de Armas S/N
080605|CUSCO|CANCHIS|PITUMARCA|MUNICIPALIDAD DISTRITAL DE PITUMARCA|Plaza de Armas S/N
080606|CUSCO|CANCHIS|SAN PABLO|MUNICIPALIDAD DISTRITAL DE SAN PABLO|Plaza de Armas S/N
080607|CUSCO|CANCHIS|SAN PEDRO|MUNICIPALIDAD DISTRITAL DE SAN PEDRO|Plaza de Armas N° 101
080608|CUSCO|CANCHIS|TINTA|MUNICIPALIDAD DISTRITAL DE TINTA|Plaza de Armas S/N
080701|CUSCO|CHUMBIVILCAS|SANTO TOMÁS|MUNICIPALIDAD PROVINCIAL DE SANTO TOMÁS|Parque Paliza N° 100
080702|CUSCO|CHUMBIVILCAS|CAPACMARCA|MUNICIPALIDAD DISTRITAL DE CAPACMARCA|Av. Cusco S/N
080703|CUSCO|CHUMBIVILCAS|CHAMACA|MUNICIPALIDAD DISTRITAL DE CHAMACA|Calle Concepción S/N
080704|CUSCO|CHUMBIVILCAS|COLQUEMARCA|MUNICIPALIDAD DISTRITAL DE COLQUEMARCA|Calle Paseo del Qorilazo S/N
080705|CUSCO|CHUMBIVILCAS|LIVITACA|MUNICIPALIDAD DISTRITAL DE LIVITACA|Plaza de Armas S/N
080706|CUSCO|CHUMBIVILCAS|LLUSCO|MUNICIPALIDAD DISTRITAL DE LLUSCO|Av. José Carlos Mariátegui S/N
080707|CUSCO|CHUMBIVILCAS|QUIÑOTA|MUNICIPALIDAD DISTRITAL DE QUIÑOTA|Plaza de Armas S/N
080708|CUSCO|CHUMBIVILCAS|VELILLE|MUNICIPALIDAD DISTRITAL DE VELILLE|Plaza de Armas S/N
080801|CUSCO|ESPINAR|ESPINAR|MUNICIPALIDAD PROVINCIAL DE ESPINAR|Plaza de Armas N° 101
080802|CUSCO|ESPINAR|CONDOROMA|MUNICIPALIDAD DISTRITAL DE CONDOROMA|Plaza de Armas S/N
080803|CUSCO|ESPINAR|COPORAQUE|MUNICIPALIDAD DISTRITAL DE COPORAQUE|Plaza de Armas S/N
080804|CUSCO|ESPINAR|OCORURO|MUNICIPALIDAD DISTRITAL DE OCORURO|Plaza de Armas S/N
080805|CUSCO|ESPINAR|PALLPATA|MUNICIPALIDAD DISTRITAL DE PALLPATA|Plaza de Armas N° 100
080806|CUSCO|ESPINAR|PICHIGUA|MUNICIPALIDAD DISTRITAL DE PICHIGUA|Plaza de Armas S/N
080807|CUSCO|ESPINAR|SUYCKUTAMBO|MUNICIPALIDAD DISTRITAL DE SUYCKUTAMBO|Plaza de Armas S/N
080808|CUSCO|ESPINAR|ALTO PICHIGUA|MUNICIPALIDAD DISTRITAL DE ALTO PICHIGUA|Plaza de Armas S/N
080901|CUSCO|LA CONVENCIÓN|SANTA ANA|MUNICIPALIDAD PROVINCIAL DE SANTA ANA|Jr. Espinar N° 306 - Plaza de Armas
080902|CUSCO|LA CONVENCIÓN|ECHARATE|MUNICIPALIDAD DISTRITAL DE ECHARATE|Plaza de Armas S/N
080903|CUSCO|LA CONVENCIÓN|HUAYOPATA|MUNICIPALIDAD DISTRITAL DE HUAYOPATA|Plaza de Armas S/N
080904|CUSCO|LA CONVENCIÓN|MARANURA|MUNICIPALIDAD DISTRITAL DE MARANURA|Plaza de Armas S/N
080905|CUSCO|LA CONVENCIÓN|OCOBAMBA|MUNICIPALIDAD DISTRITAL DE OCOBAMBA|Plaza de Armas S/N
080906|CUSCO|LA CONVENCIÓN|QUELLOUNO|MUNICIPALIDAD DISTRITAL DE QUELLOUNO|Plaza de Armas S/N Jr. José Olaya N° 151 Mz. A
080907|CUSCO|LA CONVENCIÓN|KIMBIRI|MUNICIPALIDAD DISTRITAL DE KIMBIRI|Lt. 1 Km. 4 - Plaza Mayor de la pacificación
080908|CUSCO|LA CONVENCIÓN|SANTA TERESA|MUNICIPALIDAD DISTRITAL DE SANTA TERESA|Plaza Cívica de La Solidaridad S/N
080909|CUSCO|LA CONVENCIÓN|VILCABAMBA|MUNICIPALIDAD DISTRITAL DE VILCABAMBA|Plaza de Armas S/N
080910|CUSCO|LA CONVENCIÓN|PICHARI|MUNICIPALIDAD DISTRITAL DE PICHARI|Plaza Principal S/N
080911|CUSCO|LA CONVENCIÓN|INKAWASI|MUNICIPALIDAD DISTRITAL DE INKAWASI|Plaza de Armas S/N
080912|CUSCO|LA CONVENCIÓN|VILLA VIRGEN|MUNICIPALIDAD DISTRITAL DE VILLA VIRGEN|Jr. 22 de Junio N° 5 Mz. 11 Lt. 5
080913|CUSCO|LA CONVENCIÓN|VILLA KINTIARINA|MUNICIPALIDAD DISTRITAL DE VILLA KINTIARINA|Plaza Principal S/N
080914|CUSCO|LA CONVENCIÓN|MEGANTONI|MUNICIPALIDAD DISTRITAL DE MEGANTONI|Calle Principal S/N - Comunidad Nativa Camisea
080915|CUSCO|LA CONVENCIÓN|KUMPIRUSHIATO|MUNICIPALIDAD DISTRITAL DE KUMPIRUSHIATO|Av. Los Libertadores S/N Mz. A Lt. 1
080916|CUSCO|LA CONVENCIÓN|CIELO PUNCO|MUNICIPALIDAD DISTRITAL DE CIELO PUNCO|Jr. Demetrio Sanchez N° 15 Mz. L Lt. 15
080917|CUSCO|LA CONVENCIÓN|MANITEA|MUNICIPALIDAD DISTRITAL DE MANITEA|Av. Tahuantinsuyo Lobo S/N Mz. B
080918|CUSCO|LA CONVENCIÓN|UNIÓN ASHANINKA|MUNICIPALIDAD DISTRITAL DE UNIÓN ASHANINKA|Jr. Túpac Amaru S/N - Plaza Principal
081001|CUSCO|PARURO|PARURO|MUNICIPALIDAD PROVINCIAL DE PARURO|Plaza de Armas S/N
081002|CUSCO|PARURO|ACCHA|MUNICIPALIDAD DISTRITAL DE ACCHA|Plaza de Armas S/N
081003|CUSCO|PARURO|CCAPI|MUNICIPALIDAD DISTRITAL DE CCAPI|Plaza de Armas S/N
081004|CUSCO|PARURO|COLCHA|MUNICIPALIDAD DISTRITAL DE COLCHA|Calle Mariscal Cáceres S/N
081005|CUSCO|PARURO|HUANOQUITE|MUNICIPALIDAD DISTRITAL DE HUANOQUITE|Plaza de Armas S/N
081006|CUSCO|PARURO|OMACHA|MUNICIPALIDAD DISTRITAL DE OMACHA|Plaza de Armas S/N
081007|CUSCO|PARURO|PACCARITAMBO|MUNICIPALIDAD DISTRITAL DE PACCARITAMBO|Carretera Cusco - Santo Tomas Km. 51
081008|CUSCO|PARURO|PILLPINTO|MUNICIPALIDAD DISTRITAL DE PILLPINTO|Plaza de Armas S/N
081009|CUSCO|PARURO|YAURISQUE|MUNICIPALIDAD DISTRITAL DE YAURISQUE|Plaza de Armas S/N
081101|CUSCO|PAUCARTAMBO|PAUCARTAMBO|MUNICIPALIDAD PROVINCIAL DE PAUCARTAMBO|Plaza de Armas S/N
081102|CUSCO|PAUCARTAMBO|CAICAY|MUNICIPALIDAD DISTRITAL DE CAICAY|Av. 28 de Julio S/N - Plaza de Armas
081103|CUSCO|PAUCARTAMBO|CHALLABAMBA|MUNICIPALIDAD DISTRITAL DE CHALLABAMBA|Plaza de Armas S/N Mz. P Lt. 16 Km. 1
081104|CUSCO|PAUCARTAMBO|COLQUEPATA|MUNICIPALIDAD DISTRITAL DE COLQUEPATA|Av. Principal S/N Mz. O Lt. 1
081105|CUSCO|PAUCARTAMBO|HUANCARANI|MUNICIPALIDAD DISTRITAL DE HUANCARANI|Plaza de Armas S/N
081106|CUSCO|PAUCARTAMBO|KOSÑIPATA|MUNICIPALIDAD DISTRITAL DE KOSÑIPATA|Plaza de Armas S/N - Pillcopata
081201|CUSCO|QUISPICANCHI|URCOS|MUNICIPALIDAD PROVINCIAL DE URCOS|Jr. César Vallejo N° 109 - Plaza de Armas
081202|CUSCO|QUISPICANCHI|ANDAHUAYLILLAS|MUNICIPALIDAD DISTRITAL DE ANDAHUAYLILLAS|Plaza de Armas S/N
081203|CUSCO|QUISPICANCHI|CAMANTI|MUNICIPALIDAD DISTRITAL DE CAMANTI|Av. Fernando Belaúnde Terry N° 4 Mz. Q Lt. 4
081204|CUSCO|QUISPICANCHI|CCARHUAYO|MUNICIPALIDAD DISTRITAL DE CCARHUAYO|Plaza de Armas S/N
081205|CUSCO|QUISPICANCHI|CCATCA|MUNICIPALIDAD DISTRITAL DE CCATCA|Plaza de Armas S/N
081206|CUSCO|QUISPICANCHI|CUSIPATA|MUNICIPALIDAD DISTRITAL DE CUSIPATA|Plaza de Armas S/N
081207|CUSCO|QUISPICANCHI|HUARO|MUNICIPALIDAD DISTRITAL DE HUARO|Plaza de Armas S/N
081208|CUSCO|QUISPICANCHI|LUCRE|MUNICIPALIDAD DISTRITAL DE LUCRE|Plaza de Armas S/N
081209|CUSCO|QUISPICANCHI|MARCAPATA|MUNICIPALIDAD DISTRITAL DE MARCAPATA|Plaza de Armas S/N
081210|CUSCO|QUISPICANCHI|OCONGATE|MUNICIPALIDAD DISTRITAL DE OCONGATE|Plaza de Armas S/N
081211|CUSCO|QUISPICANCHI|OROPESA|MUNICIPALIDAD DISTRITAL DE OROPESA|Plaza de Armas N° 100
081212|CUSCO|QUISPICANCHI|QUIQUIJANA|MUNICIPALIDAD DISTRITAL DE QUIQUIJANA|Plaza de Armas S/N
081301|CUSCO|URUBAMBA|URUBAMBA|MUNICIPALIDAD PROVINCIAL DE URUBAMBA|Jr. Bolívar S/N
081302|CUSCO|URUBAMBA|CHINCHERO|MUNICIPALIDAD DISTRITAL DE CHINCHERO|Plaza de Armas S/N
081303|CUSCO|URUBAMBA|HUAYLLABAMBA|MUNICIPALIDAD DISTRITAL DE HUAYLLABAMBA|Plaza de Armas S/N
081304|CUSCO|URUBAMBA|MACHUPICCHU|MUNICIPALIDAD DISTRITAL DE MACHUPICCHU|Plaza Manco Cápac N° 101
081305|CUSCO|URUBAMBA|MARAS|MUNICIPALIDAD DISTRITAL DE MARAS|Plaza de Armas S/N
081306|CUSCO|URUBAMBA|OLLANTAYTAMBO|MUNICIPALIDAD DISTRITAL DE OLLANTAYTAMBO|Plaza de Armas S/N
081307|CUSCO|URUBAMBA|YUCAY|MUNICIPALIDAD DISTRITAL DE YUCAY|Av. San Martín N° 907
090101|HUANCAVELICA|HUANCAVELICA|HUANCAVELICA|MUNICIPALIDAD PROVINCIAL DE HUANCAVELICA|Av. Manchego Muñoz N° 299
090102|HUANCAVELICA|HUANCAVELICA|ACOBAMBILLA|MUNICIPALIDAD DISTRITAL DE ACOBAMBILLA|Plaza Principal S/N
090103|HUANCAVELICA|HUANCAVELICA|ACORIA|MUNICIPALIDAD DISTRITAL DE ACORIA|Plaza San Lorenzo S/N
090104|HUANCAVELICA|HUANCAVELICA|CONAYCA|MUNICIPALIDAD DISTRITAL DE CONAYCA|Plaza Principal S/N
090105|HUANCAVELICA|HUANCAVELICA|CUENCA|MUNICIPALIDAD DISTRITAL DE CUENCA|Plaza Principal S/N
090106|HUANCAVELICA|HUANCAVELICA|HUACHOCOLPA|MUNICIPALIDAD DISTRITAL DE HUACHOCOLPA|Plaza Principal N° 118
090107|HUANCAVELICA|HUANCAVELICA|HUAYLLAHUARA|MUNICIPALIDAD DISTRITAL DE HUAYLLAHUARA|Calle Progreso S/N
090108|HUANCAVELICA|HUANCAVELICA|IZCUCHACA|MUNICIPALIDAD DISTRITAL DE IZCUCHACA|Av. Miguel Galvez N° 130
090109|HUANCAVELICA|HUANCAVELICA|LARIA|MUNICIPALIDAD DISTRITAL DE LARIA|Plaza Principal S/N
090110|HUANCAVELICA|HUANCAVELICA|MANTA|MUNICIPALIDAD DISTRITAL DE MANTA|Plaza Principal S/N
090111|HUANCAVELICA|HUANCAVELICA|MARISCAL CÁCERES|MUNICIPALIDAD DISTRITAL DE MARISCAL CÁCERES|Calle Real S/N
090112|HUANCAVELICA|HUANCAVELICA|MOYA|MUNICIPALIDAD DISTRITAL DE MOYA|Plaza Principal S/N
090113|HUANCAVELICA|HUANCAVELICA|NUEVO OCCORO|MUNICIPALIDAD DISTRITAL DE NUEVO OCCORO|Plaza Principal S/N
090114|HUANCAVELICA|HUANCAVELICA|PALCA|MUNICIPALIDAD DISTRITAL DE PALCA|Plaza Principal S/N
090115|HUANCAVELICA|HUANCAVELICA|PILCHACA|MUNICIPALIDAD DISTRITAL DE PILCHACA|Plaza Principal N° 1
090116|HUANCAVELICA|HUANCAVELICA|VILCA|MUNICIPALIDAD DISTRITAL DE VILCA|Jr. Bolívar S/N
090117|HUANCAVELICA|HUANCAVELICA|YAULI|MUNICIPALIDAD DISTRITAL DE YAULI|Av. 23 de Junio S/N - Plaza Principal
090118|HUANCAVELICA|HUANCAVELICA|ASCENSIÓN|MUNICIPALIDAD DISTRITAL DE ASCENSIÓN|Av. San Juan Evangelista N° 770
090119|HUANCAVELICA|HUANCAVELICA|HUANDO|MUNICIPALIDAD DISTRITAL DE HUANDO|Plaza de Armas S/N
090201|HUANCAVELICA|ACOBAMBA|ACOBAMBA|MUNICIPALIDAD PROVINCIAL DE ACOBAMBA|Plaza Jorge Chávez S/N
090202|HUANCAVELICA|ACOBAMBA|ANDABAMBA|MUNICIPALIDAD DISTRITAL DE ANDABAMBA|Plaza Principal S/N
090203|HUANCAVELICA|ACOBAMBA|ANTA|MUNICIPALIDAD DISTRITAL DE ANTA|Plaza Principal S/N
090204|HUANCAVELICA|ACOBAMBA|CAJA|MUNICIPALIDAD DISTRITAL DE CAJA|Plaza Principal S/N
090205|HUANCAVELICA|ACOBAMBA|MARCAS|MUNICIPALIDAD DISTRITAL DE MARCAS|Plaza Principal S/N
090206|HUANCAVELICA|ACOBAMBA|PAUCARA|MUNICIPALIDAD DISTRITAL DE PAUCARA|Plaza Principal S/N
090207|HUANCAVELICA|ACOBAMBA|POMACOCHA|MUNICIPALIDAD DISTRITAL DE POMACOCHA|Plaza Principal S/N
090208|HUANCAVELICA|ACOBAMBA|ROSARIO|MUNICIPALIDAD DISTRITAL DE ROSARIO|Plaza Principal S/N
090301|HUANCAVELICA|ANGARAES|LIRCAY|MUNICIPALIDAD PROVINCIAL DE LIRCAY|Jr. Buenos Aires N° 235
090302|HUANCAVELICA|ANGARAES|ANCHONGA|MUNICIPALIDAD DISTRITAL DE ANCHONGA|Plaza Principal S/N
090303|HUANCAVELICA|ANGARAES|CALLANMARCA|MUNICIPALIDAD DISTRITAL DE CALLANMARCA|Plaza Principal S/N
090304|HUANCAVELICA|ANGARAES|CCOCHACCASA|MUNICIPALIDAD DISTRITAL DE CCOCHACCASA|Plaza Principal S/N
090305|HUANCAVELICA|ANGARAES|CHINCHO|MUNICIPALIDAD DISTRITAL DE CHINCHO|Jr. Alva S/N Mz. 1 Lt. 1
090306|HUANCAVELICA|ANGARAES|CONGALLA|MUNICIPALIDAD DISTRITAL DE CONGALLA|Plaza Principal S/N
090307|HUANCAVELICA|ANGARAES|HUANCA-HUANCA|MUNICIPALIDAD DISTRITAL DE HUANCA-HUANCA|Plaza Principal S/N
090308|HUANCAVELICA|ANGARAES|HUAYLLAY GRANDE|MUNICIPALIDAD DISTRITAL DE HUAYLLAY GRANDE|Plaza Principal S/N
090309|HUANCAVELICA|ANGARAES|JULCAMARCA|MUNICIPALIDAD DISTRITAL DE JULCAMARCA|Plaza Principal S/N
090310|HUANCAVELICA|ANGARAES|SAN ANTONIO DE ANTAPARCO|MUNICIPALIDAD DISTRITAL DE SAN ANTONIO DE ANTAPARCO|Plaza Principal S/N
090311|HUANCAVELICA|ANGARAES|SANTO TOMÁS DE PATA|MUNICIPALIDAD DISTRITAL DE SANTO TOMÁS DE PATA|Plaza Principal S/N
090312|HUANCAVELICA|ANGARAES|SECCLLA|MUNICIPALIDAD DISTRITAL DE SECCLLA|Plaza Principal S/N
090401|HUANCAVELICA|CASTROVIRREYNA|CASTROVIRREYNA|MUNICIPALIDAD PROVINCIAL DE CASTROVIRREYNA|Av. Los Libertadores S/N
090402|HUANCAVELICA|CASTROVIRREYNA|ARMA|MUNICIPALIDAD DISTRITAL DE ARMA|Plaza Principal S/N
090403|HUANCAVELICA|CASTROVIRREYNA|AURAHUA|MUNICIPALIDAD DISTRITAL DE AURAHUA|Plaza de Armas S/N
090404|HUANCAVELICA|CASTROVIRREYNA|CAPILLAS|MUNICIPALIDAD DISTRITAL DE CAPILLAS|Plaza de Armas S/N
090405|HUANCAVELICA|CASTROVIRREYNA|CHUPAMARCA|MUNICIPALIDAD DISTRITAL DE CHUPAMARCA|Plaza Principal S/N
090406|HUANCAVELICA|CASTROVIRREYNA|COCAS|MUNICIPALIDAD DISTRITAL DE COCAS|Calle Comercio S/N Mz. R Lt. 12
090407|HUANCAVELICA|CASTROVIRREYNA|HUACHOS|MUNICIPALIDAD DISTRITAL DE HUACHOS|Plaza de Armas S/N
090408|HUANCAVELICA|CASTROVIRREYNA|HUAMATAMBO|MUNICIPALIDAD DISTRITAL DE HUAMATAMBO|Plaza de Armas S/N
090409|HUANCAVELICA|CASTROVIRREYNA|MOLLEPAMPA|MUNICIPALIDAD DISTRITAL DE MOLLEPAMPA|Plaza de Armas S/N
090410|HUANCAVELICA|CASTROVIRREYNA|SAN JUAN|MUNICIPALIDAD DISTRITAL DE SAN JUAN|Jr. Libertad S/N Mz. K Lt. 11
090411|HUANCAVELICA|CASTROVIRREYNA|SANTA ANA|MUNICIPALIDAD DISTRITAL DE SANTA ANA|Plaza Princiapal S/N
090412|HUANCAVELICA|CASTROVIRREYNA|TANTARA|MUNICIPALIDAD DISTRITAL DE TANTARA|Plaza de Armas N° 104 Mz. R Lt. 4
090413|HUANCAVELICA|CASTROVIRREYNA|TICRAPO|MUNICIPALIDAD DISTRITAL DE TICRAPO|Carretera Fernando Belaúnde Terry S/N Mz. U Lt. 20
090501|HUANCAVELICA|CHURCAMPA|CHURCAMPA|MUNICIPALIDAD PROVINCIAL DE CHURCAMPA|Jr. 2 de Mayo N° 489 - Plaza Principal
090502|HUANCAVELICA|CHURCAMPA|ANCO|MUNICIPALIDAD DISTRITAL DE ANCO|Plaza Principal S/N
090503|HUANCAVELICA|CHURCAMPA|CHINCHIHUASI|MUNICIPALIDAD DISTRITAL DE CHINCHIHUASI|Av. 25 de Julio S/N
090504|HUANCAVELICA|CHURCAMPA|EL CARMEN|MUNICIPALIDAD DISTRITAL DE EL CARMEN|Jr. 28 de Julio S/N
090505|HUANCAVELICA|CHURCAMPA|LA MERCED|MUNICIPALIDAD DISTRITAL DE LA MERCED|Jr. Mantaro S/N Mz. P Lt.1 - Plaza Principal
090506|HUANCAVELICA|CHURCAMPA|LOCROJA|MUNICIPALIDAD DISTRITAL DE LOCROJA|Jr. Oliva Escudero S/N
090507|HUANCAVELICA|CHURCAMPA|PAUCARBAMBA|MUNICIPALIDAD DISTRITAL DE PAUCARBAMBA|Jr. Tayacaja S/N
090508|HUANCAVELICA|CHURCAMPA|SAN MIGUEL DE MAYOCC|MUNICIPALIDAD DISTRITAL DE SAN MIGUEL DE MAYOCC|Jr. Huancavelica S/N
090509|HUANCAVELICA|CHURCAMPA|SAN PEDRO DE CORIS|MUNICIPALIDAD DISTRITAL DE SAN PEDRO DE CORIS|Plaza Principal S/N
090510|HUANCAVELICA|CHURCAMPA|PACHAMARCA|MUNICIPALIDAD DISTRITAL DE PACHAMARCA|Plaza Principal S/N
090511|HUANCAVELICA|CHURCAMPA|COSME|MUNICIPALIDAD DISTRITAL DE COSME|Plaza Principal S/N
090601|HUANCAVELICA|HUAYTARÁ|HUAYTARÁ|MUNICIPALIDAD PROVINCIAL DE HUAYTARÁ|Calle Municipalidad N° 100
090602|HUANCAVELICA|HUAYTARÁ|AYAVI|MUNICIPALIDAD DISTRITAL DE AYAVI|Plaza de Armas S/N
090603|HUANCAVELICA|HUAYTARÁ|CÓRDOVA|MUNICIPALIDAD DISTRITAL DE CÓRDOVA|Calle Municipalidad S/N - Plaza de Armas
090604|HUANCAVELICA|HUAYTARÁ|HUAYACUNDO ARMA|MUNICIPALIDAD DISTRITAL DE HUAYACUNDO ARMA|Plaza de Armas S/N
090605|HUANCAVELICA|HUAYTARÁ|LARAMARCA|MUNICIPALIDAD DISTRITAL DE LARAMARCA|Calle Comercio S/N - Plaza Principal
090606|HUANCAVELICA|HUAYTARÁ|OCOYO|MUNICIPALIDAD DISTRITAL DE OCOYO|Plaza de Armas S/N
090607|HUANCAVELICA|HUAYTARÁ|PILPICHACA|MUNICIPALIDAD DISTRITAL DE PILPICHACA|Plaza Principal S/N
090608|HUANCAVELICA|HUAYTARÁ|QUERCO|MUNICIPALIDAD DISTRITAL DE QUERCO|Plaza de Armas S/N
090609|HUANCAVELICA|HUAYTARÁ|QUITO-ARMA|MUNICIPALIDAD DISTRITAL DE QUITO-ARMA|Plaza de Armas S/N
090610|HUANCAVELICA|HUAYTARÁ|SAN ANTONIO DE CUSICANCHA|MUNICIPALIDAD DISTRITAL DE SAN ANTONIO DE CUSICANCHA|Calle Principal S/N
090611|HUANCAVELICA|HUAYTARÁ|SAN FRANCISCO DE SANGAYAICO|MUNICIPALIDAD DISTRITAL DE SAN FRANCISCO DE SANGAYAICO|Av. Los Próceres S/N - Plaza de Armas
090612|HUANCAVELICA|HUAYTARÁ|SAN ISIDRO|MUNICIPALIDAD DISTRITAL DE SAN ISIDRO|Plaza de Armas S/N
090613|HUANCAVELICA|HUAYTARÁ|SANTIAGO DE CHOCORVOS|MUNICIPALIDAD DISTRITAL DE SANTIAGO DE CHOCORVOS|Plaza de Armas S/N
090614|HUANCAVELICA|HUAYTARÁ|SANTIAGO DE QUIRAHUARA|MUNICIPALIDAD DISTRITAL DE SANTIAGO DE QUIRAHUARA|Plaza de Armas S/N
090615|HUANCAVELICA|HUAYTARÁ|SANTO DOMINGO DE CAPILLAS|MUNICIPALIDAD DISTRITAL DE SANTO DOMINGO DE CAPILLAS|Plaza Principal S/N
090616|HUANCAVELICA|HUAYTARÁ|TAMBO|MUNICIPALIDAD DISTRITAL DE TAMBO|Plaza Principal S/N
090701|HUANCAVELICA|TAYACAJA|PAMPAS|MUNICIPALIDAD PROVINCIAL DE PAMPAS|Jr. Grau N° 115
090702|HUANCAVELICA|TAYACAJA|ACOSTAMBO|MUNICIPALIDAD DISTRITAL DE ACOSTAMBO|Plaza Principal S/N
090703|HUANCAVELICA|TAYACAJA|ACRAQUIA|MUNICIPALIDAD DISTRITAL DE ACRAQUIA|Calle Real S/N
090704|HUANCAVELICA|TAYACAJA|AHUAYCHA|MUNICIPALIDAD DISTRITAL DE AHUAYCHA|Jr. 14 de Diciembre N° 179
090705|HUANCAVELICA|TAYACAJA|COLCABAMBA|MUNICIPALIDAD DISTRITAL DE COLCABAMBA|Mayolo S/N con Av. Centenario S/N
090706|HUANCAVELICA|TAYACAJA|DANIEL HERNÁNDEZ|MUNICIPALIDAD DISTRITAL DE DANIEL HERNÁNDEZ|Av. Huancavelica S/N
090707|HUANCAVELICA|TAYACAJA|HUACHOCOLPA|MUNICIPALIDAD DISTRITAL DE HUACHOCOLPA|Plaza Principal S/N
090709|HUANCAVELICA|TAYACAJA|HUARIBAMBA|MUNICIPALIDAD DISTRITAL DE HUARIBAMBA|Plaza Principal S/N
090710|HUANCAVELICA|TAYACAJA|ÑAHUIMPUQUIO|MUNICIPALIDAD DISTRITAL DE ÑAHUIMPUQUIO|Calle Túpac Amaru N° 12 - Plaza Principal
090711|HUANCAVELICA|TAYACAJA|PAZOS|MUNICIPALIDAD DISTRITAL DE PAZOS|Plaza Principal S/N
090713|HUANCAVELICA|TAYACAJA|QUISHUAR|MUNICIPALIDAD DISTRITAL DE QUISHUAR|Plaza Principal S/N
090714|HUANCAVELICA|TAYACAJA|SALCABAMBA|MUNICIPALIDAD DISTRITAL DE SALCABAMBA|Jr. Alfonso Ugarte S/N
090715|HUANCAVELICA|TAYACAJA|SALCAHUASI|MUNICIPALIDAD DISTRITAL DE SALCAHUASI|Plaza Principal S/N
090716|HUANCAVELICA|TAYACAJA|SAN MARCOS DE ROCCHAC|MUNICIPALIDAD DISTRITAL DE SAN MARCOS DE ROCCHAC|Plaza Principal S/N
090717|HUANCAVELICA|TAYACAJA|SURCUBAMBA|MUNICIPALIDAD DISTRITAL DE SURCUBAMBA|Jr. Alfonso Ugarte S/N
090718|HUANCAVELICA|TAYACAJA|TINTAY PUNCU|MUNICIPALIDAD DISTRITAL DE TINTAY PUNCU|Plaza Principal S/N
090719|HUANCAVELICA|TAYACAJA|QUICHUAS|MUNICIPALIDAD DISTRITAL DE QUICHUAS|Plaza Principal S/N
090720|HUANCAVELICA|TAYACAJA|ANDAYMARCA|MUNICIPALIDAD DISTRITAL DE ANDAYMARCA|Plaza Principal S/N
090721|HUANCAVELICA|TAYACAJA|ROBLE|MUNICIPALIDAD DISTRITAL DE ROBLE|Plaza Principal S/N - Puerto San Antonio
090722|HUANCAVELICA|TAYACAJA|PICHOS|MUNICIPALIDAD DISTRITAL DE PICHOS|Plaza Principal S/N
090723|HUANCAVELICA|TAYACAJA|SANTIAGO DE TUCUMA|MUNICIPALIDAD DISTRITAL DE SANTIAGO DE TUCUMA|Plaza Principal S/N
090724|HUANCAVELICA|TAYACAJA|LAMBRAS|MUNICIPALIDAD DISTRITAL DE LAMBRAS|Plaza Principal S/N
090725|HUANCAVELICA|TAYACAJA|COCHABAMBA|MUNICIPALIDAD DISTRITAL DE COCHABAMBA|Jr. Simón Bolívar S/N
100101|HUÁNUCO|HUÁNUCO|HUÁNUCO|MUNICIPALIDAD PROVINCIAL DE HUÁNUCO|Jr. General Prado N° 750
100102|HUÁNUCO|HUÁNUCO|AMARILIS|MUNICIPALIDAD DISTRITAL DE AMARILIS|Jr. Huallaga N° 300
100103|HUÁNUCO|HUÁNUCO|CHINCHAO|MUNICIPALIDAD DISTRITAL DE CHINCHAO|Av. Dos de Enero S/N - Plaza de Armas
100104|HUÁNUCO|HUÁNUCO|CHURUBAMBA|MUNICIPALIDAD DISTRITAL DE CHURUBAMBA|Jr. Lindo Zárate N° 110
100105|HUÁNUCO|HUÁNUCO|MARGOS|MUNICIPALIDAD DISTRITAL DE MARGOS|Av. Juan Durand N° 174 - Plaza de Armas
100106|HUÁNUCO|HUÁNUCO|QUISQUI|MUNICIPALIDAD DISTRITAL DE QUISQUI|Carretera Huánuco - La Unión Km. 20 (Plaza de Armas)
100107|HUÁNUCO|HUÁNUCO|SAN FRANCISCO DE CAYRÁN|MUNICIPALIDAD DISTRITAL DE SAN FRANCISCO DE CAYRÁN|Jr. Ramiro Priale S/N
100108|HUÁNUCO|HUÁNUCO|SAN PEDRO DE CHAULAN|MUNICIPALIDAD DISTRITAL DE SAN PEDRO DE CHAULAN|Jr. Huánuco S/N - Plaza de Armas
100109|HUÁNUCO|HUÁNUCO|SANTA MARÍA DEL VALLE|MUNICIPALIDAD DISTRITAL DE SANTA MARÍA DEL VALLE|Calle Principal S/N - Plaza de Armas
100110|HUÁNUCO|HUÁNUCO|YARUMAYO|MUNICIPALIDAD DISTRITAL DE YARUMAYO|Plaza de Armas S/N
100111|HUÁNUCO|HUÁNUCO|PILLCO MARCA|MUNICIPALIDAD DISTRITAL DE PILLCO MARCA|Av. Juan Velazco Alvarado N° 1650
100112|HUÁNUCO|HUÁNUCO|YACUS|MUNICIPALIDAD DISTRITAL DE YACUS|Jr. La Unión S/N Mz. H Lt. 1
100113|HUÁNUCO|HUÁNUCO|SAN PABLO DE PILLAO|MUNICIPALIDAD DISTRITAL DE SAN PABLO DE PILLAO|Jr. Atahualpa S/N - Plaza Mayor
100201|HUÁNUCO|AMBO|AMBO|MUNICIPALIDAD PROVINCIAL DE AMBO|Jr. Constitución N° 353
100202|HUÁNUCO|AMBO|CAYNA|MUNICIPALIDAD DISTRITAL DE CAYNA|Jr. Mariscal Castilla S/N
100203|HUÁNUCO|AMBO|COLPAS|MUNICIPALIDAD DISTRITAL DE COLPAS|Jr. Leoncio Prado S/N - Plaza de Armas
100204|HUÁNUCO|AMBO|CONCHAMARCA|MUNICIPALIDAD DISTRITAL DE CONCHAMARCA|Jr. Unión S/N - Plaza de Armas
100205|HUÁNUCO|AMBO|HUACAR|MUNICIPALIDAD DISTRITAL DE HUACAR|Jr. Grau N° 502 - Plaza de Armas
100206|HUÁNUCO|AMBO|SAN FRANCISCO|MUNICIPALIDAD DISTRITAL DE SAN FRANCISCO|Jr. Andrés Avelino Cáceres N° 305
100207|HUÁNUCO|AMBO|SAN RAFAEL|MUNICIPALIDAD DISTRITAL DE SAN RAFAEL|Plaza de Armas S/N
100208|HUÁNUCO|AMBO|TOMAY KICHWA|MUNICIPALIDAD DISTRITAL DE TOMAY KICHWA|Plaza de Armas S/N
100301|HUÁNUCO|DOS DE MAYO|LA UNIÓN|MUNICIPALIDAD PROVINCIAL DE LA UNIÓN|Jr. Virgen de Lourdes N° 221
100307|HUÁNUCO|DOS DE MAYO|CHUQUIS|MUNICIPALIDAD DISTRITAL DE CHUQUIS|Jr. Bolognesi N° 480
100311|HUÁNUCO|DOS DE MAYO|MARÍAS|MUNICIPALIDAD DISTRITAL DE MARÍAS|Jr. 2 de Mayo S/N - Plaza de Armas
100313|HUÁNUCO|DOS DE MAYO|PACHAS|MUNICIPALIDAD DISTRITAL DE PACHAS|Jr. San Lorenzo N° 15 Mz. F Lt. 6
100316|HUÁNUCO|DOS DE MAYO|QUIVILLA|MUNICIPALIDAD DISTRITAL DE QUIVILLA|Jr. Marañón N° 101 - Plaza de Armas
100317|HUÁNUCO|DOS DE MAYO|RIPAN|MUNICIPALIDAD DISTRITAL DE RIPAN|Jr. San Antonio S/N
100321|HUÁNUCO|DOS DE MAYO|SHUNQUI|MUNICIPALIDAD DISTRITAL DE SHUNQUI|Jr. San Martín N° 100 Mz. 1 Lt. 1 - Plaza de Armas
100322|HUÁNUCO|DOS DE MAYO|SILLAPATA|MUNICIPALIDAD DISTRITAL DE SILLAPATA|Jr. Progreso S/N - Plaza de Armas
100323|HUÁNUCO|DOS DE MAYO|YANAS|MUNICIPALIDAD DISTRITAL DE YANAS|Calle Francisco S/N
100401|HUÁNUCO|HUACAYBAMBA|HUACAYBAMBA|MUNICIPALIDAD PROVINCIAL DE HUACAYBAMBA|Av. El Ejército S/N - Plaza de Armas
100402|HUÁNUCO|HUACAYBAMBA|CANCHABAMBA|MUNICIPALIDAD DISTRITAL DE CANCHABAMBA|Jr. Esteban Roque S/N - Plaza de Armas
100403|HUÁNUCO|HUACAYBAMBA|COCHABAMBA|MUNICIPALIDAD DISTRITAL DE COCHABAMBA|Av. 14 de Mayo S/N - Plaza de Armas
100404|HUÁNUCO|HUACAYBAMBA|PINRA|MUNICIPALIDAD DISTRITAL DE PINRA|Plaza de Armas S/N
100501|HUÁNUCO|HUAMALÍES|LLATA|MUNICIPALIDAD PROVINCIAL DE LLATA|Jr. Huánuco N° 310
100502|HUÁNUCO|HUAMALÍES|ARANCAY|MUNICIPALIDAD DISTRITAL DE ARANCAY|Plaza de Armas S/N
100503|HUÁNUCO|HUAMALÍES|CHAVÍN DE PARIARCA|MUNICIPALIDAD DISTRITAL DE CHAVÍN DE PARIARCA|Plaza de Armas S/N
100504|HUÁNUCO|HUAMALÍES|JACAS GRANDE|MUNICIPALIDAD DISTRITAL DE JACAS GRANDE|Plaza de Armas S/N
100505|HUÁNUCO|HUAMALÍES|JIRCAN|MUNICIPALIDAD DISTRITAL DE JIRCAN|Jr. Las Mercedes S/N - Plaza de Armas
100506|HUÁNUCO|HUAMALÍES|MIRAFLORES|MUNICIPALIDAD DISTRITAL DE MIRAFLORES|Jr. Grau S/N
100507|HUÁNUCO|HUAMALÍES|MONZÓN|MUNICIPALIDAD DISTRITAL DE MONZÓN|Jr. Besarés N° 592
100508|HUÁNUCO|HUAMALÍES|PUNCHAO|MUNICIPALIDAD DISTRITAL DE PUNCHAO|Plaza de Armas S/N
100509|HUÁNUCO|HUAMALÍES|PUÑOS|MUNICIPALIDAD DISTRITAL DE PUÑOS|Plaza Central S/N
100510|HUÁNUCO|HUAMALÍES|SINGA|MUNICIPALIDAD DISTRITAL DE SINGA|Jr. Leoncio Prado N° 10 Mz. 10 Lt. 10 Km. 151
100511|HUÁNUCO|HUAMALÍES|TANTAMAYO|MUNICIPALIDAD DISTRITAL DE TANTAMAYO|Jr. Eduardo Lanatta S/N - Plaza de Armas
100601|HUÁNUCO|LEONCIO PRADO|RUPA-RUPA|MUNICIPALIDAD PROVINCIAL DE RUPA-RUPA|Av. Alameda Perú N° 525
100602|HUÁNUCO|LEONCIO PRADO|DANIEL ALOMIA ROBLES|MUNICIPALIDAD DISTRITAL DE DANIEL ALOMIA ROBLES|Av. Victor Piñan S/N Mz. K Lt. 5
100603|HUÁNUCO|LEONCIO PRADO|HERMILIO VALDIZÁN|MUNICIPALIDAD DISTRITAL DE HERMILIO VALDIZÁN|(Carretera Tingo María - Pucallpa Km. 32)
100604|HUÁNUCO|LEONCIO PRADO|JOSÉ CRESPO Y CASTILLO|MUNICIPALIDAD DISTRITAL DE JOSÉ CRESPO Y CASTILLO|Jr. Aucayacu N° 206
100605|HUÁNUCO|LEONCIO PRADO|LUYANDO|MUNICIPALIDAD DISTRITAL DE LUYANDO|Av. Los Colonos S/N Mz. 4 Lt. 20 Km. 3
100606|HUÁNUCO|LEONCIO PRADO|MARIANO DAMASO BERAÚN|MUNICIPALIDAD DISTRITAL DE MARIANO DAMASO BERAÚN|Carretera Tingo María - Huánuco Km. 17.2
100607|HUÁNUCO|LEONCIO PRADO|PUCAYACU|MUNICIPALIDAD DISTRITAL DE PUCAYACU|Jr. Pucayacu S/N Mz. F Lt. 1 Km. 22
100608|HUÁNUCO|LEONCIO PRADO|CASTILLO GRANDE|MUNICIPALIDAD DISTRITAL DE CASTILLO GRANDE|Av. Iquitos N° 1374 Mz. H Lt. B Km. 5
100609|HUÁNUCO|LEONCIO PRADO|PUEBLO NUEVO|MUNICIPALIDAD DISTRITAL DE PUEBLO NUEVO|Jr. Manuel Prado N° 10 Mz. C Lt. 10
100610|HUÁNUCO|LEONCIO PRADO|SANTO DOMINGO DE ANDA|MUNICIPALIDAD DISTRITAL DE SANTO DOMINGO DE ANDA|Jr. Leoncio Prado S/N Mz. K Km. 33
100701|HUÁNUCO|MARAÑON|HUACRACHUCO|MUNICIPALIDAD PROVINCIAL DE HUACRACHUCO|Av. 28 de Julio S/N
100702|HUÁNUCO|MARAÑON|CHOLÓN|MUNICIPALIDAD DISTRITAL DE CHOLÓN|Av. 28 de Julio S/N - Plaza de Armas
100703|HUÁNUCO|MARAÑON|SAN BUENAVENTURA|MUNICIPALIDAD DISTRITAL DE SAN BUENAVENTURA|Jr. 28 de Julio S/N - Plaza de Armas
100704|HUÁNUCO|MARAÑON|LA MORADA|MUNICIPALIDAD DISTRITAL DE LA MORADA|Av. Lima S/N Mz. A1 Lt. 1
100705|HUÁNUCO|MARAÑON|SANTA ROSA DE ALTO YANAJANCA|MUNICIPALIDAD DISTRITAL DE SANTA ROSA DE ALTO YANAJANCA|Jr. Huánuco S/N Mz. 2 Lt. 3 Km. 2
100801|HUÁNUCO|PACHITEA|PANAO|MUNICIPALIDAD PROVINCIAL DE PANAO|Jr. Espinar N° 121
100802|HUÁNUCO|PACHITEA|CHAGLLA|MUNICIPALIDAD DISTRITAL DE CHAGLLA|Jr. Mayro N° 308
100803|HUÁNUCO|PACHITEA|MOLINO|MUNICIPALIDAD DISTRITAL DE MOLINO|Jr. Juan Velasco Alvarado N° 349
100804|HUÁNUCO|PACHITEA|UMARI|MUNICIPALIDAD DISTRITAL DE UMARI|Carretera BL. Tambillo N° 46 Km. 15
100901|HUÁNUCO|PUERTO INCA|PUERTO INCA|MUNICIPALIDAD PROVINCIAL DE PUERTO INCA|Av. Sánchez Cerro S/N Mz. 34 Lt. 7
100902|HUÁNUCO|PUERTO INCA|CODO DEL POZUZO|MUNICIPALIDAD DISTRITAL DE CODO DEL POZUZO|Jr. Huampal S/N
100903|HUÁNUCO|PUERTO INCA|HONORIA|MUNICIPALIDAD DISTRITAL DE HONORIA|Jr. Juan Sabad Díaz S/N Mz. D2 Lt. 7
100904|HUÁNUCO|PUERTO INCA|TOURNAVISTA|MUNICIPALIDAD DISTRITAL DE TOURNAVISTA|Av. Letourneau S/N Mz. 22 Lt. 2 Km. 60
100905|HUÁNUCO|PUERTO INCA|YUYAPICHIS|MUNICIPALIDAD DISTRITAL DE YUYAPICHIS|Jr. 19 de Noviembre S/N - Plaza de Armas
101001|HUÁNUCO|LAURICOCHA|JESÚS|MUNICIPALIDAD PROVINCIAL DE JESÚS|Jr. Cristóbal Colón S/N
101002|HUÁNUCO|LAURICOCHA|BAÑOS|MUNICIPALIDAD DISTRITAL DE BAÑOS|Jr. Marañón S/N - Plaza de Armas
101003|HUÁNUCO|LAURICOCHA|JIVIA|MUNICIPALIDAD DISTRITAL DE JIVIA|Jr. Lima S/N - Plaza de Armas
101004|HUÁNUCO|LAURICOCHA|QUEROPALCA|MUNICIPALIDAD DISTRITAL DE QUEROPALCA|Jr. Ricardo Palma S/N
101005|HUÁNUCO|LAURICOCHA|RONDOS|MUNICIPALIDAD DISTRITAL DE RONDOS|Jr. Palmas S/N Mz. Q Lt. 5
101006|HUÁNUCO|LAURICOCHA|SAN FRANCISCO DE ASIS|MUNICIPALIDAD DISTRITAL DE SAN FRANCISCO DE ASIS|Jr. San Francisco de Asis N° 301 - Plaza de Armas
101007|HUÁNUCO|LAURICOCHA|SAN MIGUEL DE CAURI|MUNICIPALIDAD DISTRITAL DE SAN MIGUEL DE CAURI|Jr. Espíritu Santo S/N - Plaza de Armas
101101|HUÁNUCO|YAROWILCA|CHAVINILLO|MUNICIPALIDAD PROVINCIAL DE CHAVINILLO|Jr. 14 de Setiembre N° 178
101102|HUÁNUCO|YAROWILCA|CAHUAC|MUNICIPALIDAD DISTRITAL DE CAHUAC|Calle Dos de Mayo S/N - Plaza de Armas
101103|HUÁNUCO|YAROWILCA|CHACABAMBA|MUNICIPALIDAD DISTRITAL DE CHACABAMBA|Jr. Santa Catalina S/N - Plaza de Armas
101104|HUÁNUCO|YAROWILCA|APARICIO POMARES|MUNICIPALIDAD DISTRITAL DE APARICIO POMARES|Jr. 28 de Julio S/N - Plaza de Armas
101105|HUÁNUCO|YAROWILCA|JACAS CHICO|MUNICIPALIDAD DISTRITAL DE JACAS CHICO|Plaza de Armas S/N
101106|HUÁNUCO|YAROWILCA|OBAS|MUNICIPALIDAD DISTRITAL DE OBAS|Jr. Huánuco S/N Mz. Y Lt. 1 - Plaza de Armas
101107|HUÁNUCO|YAROWILCA|PAMPAMARCA|MUNICIPALIDAD DISTRITAL DE PAMPAMARCA|Jr. Huánuco S/N - Plaza de Armas
101108|HUÁNUCO|YAROWILCA|CHORAS|MUNICIPALIDAD DISTRITAL DE CHORAS|Marañón S/N - Plaza de Armas
110101|ICA|ICA|ICA|MUNICIPALIDAD PROVINCIAL DE ICA|Av. Municipalidad N° 182
110102|ICA|ICA|LA TINGUIÑA|MUNICIPALIDAD DISTRITAL DE LA TINGUIÑA|Av. El Parque N° 627
110103|ICA|ICA|LOS AQUIJES|MUNICIPALIDAD DISTRITAL DE LOS AQUIJES|Av. Municipalidad N° 111
110104|ICA|ICA|OCUCAJE|MUNICIPALIDAD DISTRITAL DE OCUCAJE|C.P. Perla - Al frente de la plaza de Armas S/N
110105|ICA|ICA|PACHACÚTEC|MUNICIPALIDAD DISTRITAL DE PACHACÚTEC|Calle Manco Cápac S/N Mz. C - Plaza de Armas
110106|ICA|ICA|PARCONA|MUNICIPALIDAD DISTRITAL DE PARCONA|Av. Jhon F. Kennedy N° 500
110107|ICA|ICA|PUEBLO NUEVO|MUNICIPALIDAD DISTRITAL DE PUEBLO NUEVO|Calle El Carmen S/N Mz. I Lt. 6
110108|ICA|ICA|SALAS|MUNICIPALIDAD DISTRITAL DE SALAS|Calle Municipalidad N° 102
110109|ICA|ICA|SAN JOSÉ DE LOS MOLINOS|MUNICIPALIDAD DISTRITAL DE SAN JOSÉ DE LOS MOLINOS|Av. Catalina Buendia de Pecho S/N Mz. O Lt. 1
110110|ICA|ICA|SAN JUAN BAUTISTA|MUNICIPALIDAD DISTRITAL DE SAN JUAN BAUTISTA|Calle Alfonso Ugarte N° 113
110111|ICA|ICA|SANTIAGO|MUNICIPALIDAD DISTRITAL DE SANTIAGO|Carretera Panamericana Sur Km. 318
110112|ICA|ICA|SUBTANJALLA|MUNICIPALIDAD DISTRITAL DE SUBTANJALLA|Av. Municipalidad N° 200
110113|ICA|ICA|TATE|MUNICIPALIDAD DISTRITAL DE TATE|Av. Principal S/N Mz. O Lt. 13 Km. 314
110114|ICA|ICA|YAUCA DEL ROSARIO|MUNICIPALIDAD DISTRITAL DE YAUCA DEL ROSARIO|Carretera Pampahuasi N° 100 Km. 23
110201|ICA|CHINCHA|CHINCHA ALTA|MUNICIPALIDAD PROVINCIAL DE CHINCHA ALTA|Av. Luis Galvez Chipoco N° 190
110202|ICA|CHINCHA|ALTO LARAN|MUNICIPALIDAD DISTRITAL DE ALTO LARAN|Plaza de Armas N° 150
110203|ICA|CHINCHA|CHAVÍN|MUNICIPALIDAD DISTRITAL DE CHAVÍN|Av. 28 de Julio S/N Mz. J Lt. 1
110204|ICA|CHINCHA|CHINCHA BAJA|MUNICIPALIDAD DISTRITAL DE CHINCHA BAJA|Plaza de Armas N° 148
110205|ICA|CHINCHA|EL CARMEN|MUNICIPALIDAD DISTRITAL DE EL CARMEN|Plaza de Armas N° 127
110206|ICA|CHINCHA|GROCIO PRADO|MUNICIPALIDAD DISTRITAL DE GROCIO PRADO|Plaza de Armas N° 101
110207|ICA|CHINCHA|PUEBLO NUEVO|MUNICIPALIDAD DISTRITAL DE PUEBLO NUEVO|Av. Oscar R. Benavides N° 699 Mz. 38 Lt. 1 Km. 1
110208|ICA|CHINCHA|SAN JUAN DE YÁNAC|MUNICIPALIDAD DISTRITAL DE SAN JUAN DE YÁNAC|Plaza de Armas N° 100
110209|ICA|CHINCHA|SAN PEDRO DE HUACARPANA|MUNICIPALIDAD DISTRITAL DE SAN PEDRO DE HUACARPANA|Av. San Martín de Porres N° 335
110210|ICA|CHINCHA|SUNAMPE|MUNICIPALIDAD DISTRITAL DE SUNAMPE|Plaza de Armas N° 100
110211|ICA|CHINCHA|TAMBO DE MORA|MUNICIPALIDAD DISTRITAL DE TAMBO DE MORA|Calle Los Claveles S/N Mz. J Lt. 25
110301|ICA|NASCA|NASCA|MUNICIPALIDAD PROVINCIAL DE NASCA|Calle Callao N° 865
110302|ICA|NASCA|CHANGUILLO|MUNICIPALIDAD DISTRITAL DE CHANGUILLO|Av. Manuel Rojas S/N
110303|ICA|NASCA|EL INGENIO|MUNICIPALIDAD DISTRITAL DE EL INGENIO|Av. Francisco Bolognesi S/N
110304|ICA|NASCA|MARCONA|MUNICIPALIDAD DISTRITAL DE MARCONA|Av. Andrés Avelino Cáceres N° 101 Mz. Y Lt. 2
110305|ICA|NASCA|VISTA ALEGRE|MUNICIPALIDAD DISTRITAL DE VISTA ALEGRE|Calle Pisco S/N con Calle Cápac Yupanqui S/N
110401|ICA|PALPA|PALPA|MUNICIPALIDAD PROVINCIAL DE PALPA|Calle Portal de Escribanos N° 143 - 145 - Plaza de Armas
110402|ICA|PALPA|LLIPATA|MUNICIPALIDAD DISTRITAL DE LLIPATA|Calle Agustín Bocanegra N° 18 - Plaza de Armas
110403|ICA|PALPA|RÍO GRANDE|MUNICIPALIDAD DISTRITAL DE RÍO GRANDE|Calle Túpac Amaru N° 297 Km. 227
110404|ICA|PALPA|SANTA CRUZ|MUNICIPALIDAD DISTRITAL DE SANTA CRUZ|Av. La Peruanidad S/N
110405|ICA|PALPA|TIBILLO|MUNICIPALIDAD DISTRITAL DE TIBILLO|Plaza de Armas S/N
110501|ICA|PISCO|PISCO|MUNICIPALIDAD PROVINCIAL DE PISCO|Calle Ramón Aspillaga N° 901
110502|ICA|PISCO|HUANCANO|MUNICIPALIDAD DISTRITAL DE HUANCANO|Av. Los Libertadores N° 114 Km. 65
110503|ICA|PISCO|HUMAY|MUNICIPALIDAD DISTRITAL DE HUMAY|Plaza de Armas S/N
110504|ICA|PISCO|INDEPENDENCIA|MUNICIPALIDAD DISTRITAL DE INDEPENDENCIA|Av. Federico Uranga N° 417
110505|ICA|PISCO|PARACAS|MUNICIPALIDAD DISTRITAL DE PARACAS|Av. Los Libertadores S/N
110506|ICA|PISCO|SAN ANDRÉS|MUNICIPALIDAD DISTRITAL DE SAN ANDRÉS|Av. San Martín N° 550
110507|ICA|PISCO|SAN CLEMENTE|MUNICIPALIDAD DISTRITAL DE SAN CLEMENTE|Av. Aviación N° 315
110508|ICA|PISCO|TÚPAC AMARU INCA|MUNICIPALIDAD DISTRITAL DE TÚPAC AMARU INCA|Jr. Huáscar S/N Mz. 38 Lt. 10 - Plaza de Armas
120101|JUNÍN|HUANCAYO|HUANCAYO|MUNICIPALIDAD PROVINCIAL DE HUANCAYO|Calle Real N° 800
120104|JUNÍN|HUANCAYO|CARHUACALLANGA|MUNICIPALIDAD DISTRITAL DE CARHUACALLANGA|Calle San Martín S/N
120105|JUNÍN|HUANCAYO|CHACAPAMPA|MUNICIPALIDAD DISTRITAL DE CHACAPAMPA|Plaza Principal S/N
120106|JUNÍN|HUANCAYO|CHICCHE|MUNICIPALIDAD DISTRITAL DE CHICCHE|Jr. Daniel Alcides Carrión S/N
120107|JUNÍN|HUANCAYO|CHILCA|MUNICIPALIDAD DISTRITAL DE CHILCA|Av. Huancavelica N° 606
120108|JUNÍN|HUANCAYO|CHONGOS ALTO|MUNICIPALIDAD DISTRITAL DE CHONGOS ALTO|Calle Real S/N - Plaza Principal
120111|JUNÍN|HUANCAYO|CHUPURO|MUNICIPALIDAD DISTRITAL DE CHUPURO|Plaza Principal S/N
120112|JUNÍN|HUANCAYO|COLCA|MUNICIPALIDAD DISTRITAL DE COLCA|Plaza Principal S/N
120113|JUNÍN|HUANCAYO|CULLHUAS|MUNICIPALIDAD DISTRITAL DE CULLHUAS|Av. 23 de Abril N° 396
120114|JUNÍN|HUANCAYO|EL TAMBO|MUNICIPALIDAD DISTRITAL DE EL TAMBO|Av. Mariscal Castilla N° 1920
120116|JUNÍN|HUANCAYO|HUACRAPUQUIO|MUNICIPALIDAD DISTRITAL DE HUACRAPUQUIO|Plaza Principal S/N
120117|JUNÍN|HUANCAYO|HUALHUAS|MUNICIPALIDAD DISTRITAL DE HUALHUAS|Av. Alfonso Ugarte N° 433
120119|JUNÍN|HUANCAYO|HUANCÁN|MUNICIPALIDAD DISTRITAL DE HUANCÁN|Av. 31 de Octubre N° 1205
120120|JUNÍN|HUANCAYO|HUASICANCHA|MUNICIPALIDAD DISTRITAL DE HUASICANCHA|Calle Santa Barbara S/N
120121|JUNÍN|HUANCAYO|HUAYUCACHI|MUNICIPALIDAD DISTRITAL DE HUAYUCACHI|Calle Real S/N - Plaza Principal
120122|JUNÍN|HUANCAYO|INGENIO|MUNICIPALIDAD DISTRITAL DE INGENIO|Plaza Principal S/N Mz. D1 Lt. 1
120124|JUNÍN|HUANCAYO|PARIAHUANCA|MUNICIPALIDAD DISTRITAL DE PARIAHUANCA|Calle José Carlos Mariátegui S/N
120125|JUNÍN|HUANCAYO|PILCOMAYO|MUNICIPALIDAD DISTRITAL DE PILCOMAYO|Jr. Libertad N° 190
120126|JUNÍN|HUANCAYO|PUCARÁ|MUNICIPALIDAD DISTRITAL DE PUCARÁ|Plaza Principal S/N
120127|JUNÍN|HUANCAYO|QUICHUAY|MUNICIPALIDAD DISTRITAL DE QUICHUAY|Plaza Principal S/N
120128|JUNÍN|HUANCAYO|QUILCAS|MUNICIPALIDAD DISTRITAL DE QUILCAS|Calle San Martín N° 435
120129|JUNÍN|HUANCAYO|SAN AGUSTÍN|MUNICIPALIDAD DISTRITAL DE SAN AGUSTÍN|Plaza Principal S/N
120130|JUNÍN|HUANCAYO|SAN JERÓNIMO DE TUNÁN|MUNICIPALIDAD DISTRITAL DE SAN JERÓNIMO DE TUNÁN|Av. Arequipa N° 709
120132|JUNÍN|HUANCAYO|SAÑO|MUNICIPALIDAD DISTRITAL DE SAÑO|Av. Daniel Turín N° 101
120133|JUNÍN|HUANCAYO|SAPALLANGA|MUNICIPALIDAD DISTRITAL DE SAPALLANGA|Av. Ricardo Palma S/N
120134|JUNÍN|HUANCAYO|SICAYA|MUNICIPALIDAD DISTRITAL DE SICAYA|Calle Real N° 1098
120135|JUNÍN|HUANCAYO|SANTO DOMINGO DE ACOBAMBA|MUNICIPALIDAD DISTRITAL DE SANTO DOMINGO DE ACOBAMBA|Plaza Principal S/N
120136|JUNÍN|HUANCAYO|VIQUES|MUNICIPALIDAD DISTRITAL DE VIQUES|Plaza Principal S/N
120201|JUNÍN|CONCEPCIÓN|CONCEPCIÓN|MUNICIPALIDAD PROVINCIAL DE CONCEPCIÓN|Av. Mariscal Cáceres N° 329
120202|JUNÍN|CONCEPCIÓN|ACO|MUNICIPALIDAD DISTRITAL DE ACO|Jr. San Isidro S/N
120203|JUNÍN|CONCEPCIÓN|ANDAMARCA|MUNICIPALIDAD DISTRITAL DE ANDAMARCA|Plaza Principal S/N
120204|JUNÍN|CONCEPCIÓN|CHAMBARÁ|MUNICIPALIDAD DISTRITAL DE CHAMBARÁ|Jr. Bolognesi S/N - Parque Principal
120205|JUNÍN|CONCEPCIÓN|COCHAS|MUNICIPALIDAD DISTRITAL DE COCHAS|Plaza Principal S/N
120206|JUNÍN|CONCEPCIÓN|COMAS|MUNICIPALIDAD DISTRITAL DE COMAS|Plaza Principal S/N
120207|JUNÍN|CONCEPCIÓN|HEROÍNAS TOLEDO|MUNICIPALIDAD DISTRITAL DE HEROÍNAS TOLEDO|Plaza Principal S/N
120208|JUNÍN|CONCEPCIÓN|MANZANARES|MUNICIPALIDAD DISTRITAL DE MANZANARES|Jr. Bolognesi S/N Mz. 2
120209|JUNÍN|CONCEPCIÓN|MARISCAL CASTILLA|MUNICIPALIDAD DISTRITAL DE MARISCAL CASTILLA|Calle Parra del Riego S/N
120210|JUNÍN|CONCEPCIÓN|MATAHUASI|MUNICIPALIDAD DISTRITAL DE MATAHUASI|Plaza Principal S/N
120211|JUNÍN|CONCEPCIÓN|MITO|MUNICIPALIDAD DISTRITAL DE MITO|Jr. Nicolás de Piérola N° 366
120212|JUNÍN|CONCEPCIÓN|NUEVE DE JULIO|MUNICIPALIDAD DISTRITAL DE NUEVE DE JULIO|Av. España N° 111
120213|JUNÍN|CONCEPCIÓN|ORCOTUNA|MUNICIPALIDAD DISTRITAL DE ORCOTUNA|Jr. Lima N° 100
120214|JUNÍN|CONCEPCIÓN|SAN JOSÉ DE QUERO|MUNICIPALIDAD DISTRITAL DE SAN JOSÉ DE QUERO|Plaza Principal S/N
120215|JUNÍN|CONCEPCIÓN|SANTA ROSA DE OCOPA|MUNICIPALIDAD DISTRITAL DE SANTA ROSA DE OCOPA|Calle Satipo S/N Mz. V Lt. 8 Km. 5.7
120301|JUNÍN|CHANCHAMAYO|CHANCHAMAYO|MUNICIPALIDAD PROVINCIAL DE CHANCHAMAYO|Calle Callao N° 245 - Centro Cívico
120302|JUNÍN|CHANCHAMAYO|PERENÉ|MUNICIPALIDAD DISTRITAL DE PERENÉ|Jr. 22 de Octubre N° 140
120303|JUNÍN|CHANCHAMAYO|PICHANAQUI|MUNICIPALIDAD DISTRITAL DE PICHANAQUI|Jr. 1ero de Mayo N° 717
120304|JUNÍN|CHANCHAMAYO|SAN LUIS DE SHUARO|MUNICIPALIDAD DISTRITAL DE SAN LUIS DE SHUARO|Jr. Progreso S/N
120305|JUNÍN|CHANCHAMAYO|SAN RAMÓN|MUNICIPALIDAD DISTRITAL DE SAN RAMÓN|Calle Villa Municipal N° 113
120306|JUNÍN|CHANCHAMAYO|VITOC|MUNICIPALIDAD DISTRITAL DE VITOC|Calle Centenario S/N - Plaza Principal
120401|JUNÍN|JAUJA|JAUJA|MUNICIPALIDAD PROVINCIAL DE JAUJA|Av. Mariscal Castilla N° 356
120402|JUNÍN|JAUJA|ACOLLA|MUNICIPALIDAD DISTRITAL DE ACOLLA|Av. Agustín Ortiz N° 440
120403|JUNÍN|JAUJA|APATA|MUNICIPALIDAD DISTRITAL DE APATA|Jr. Ayacucho N° 1038
120404|JUNÍN|JAUJA|ATAURA|MUNICIPALIDAD DISTRITAL DE ATAURA|Plaza Principal Hugo Orellana Bonilla
120405|JUNÍN|JAUJA|CANCHAYLLO|MUNICIPALIDAD DISTRITAL DE CANCHAYLLO|Plaza 28 de Julio N° 122
120406|JUNÍN|JAUJA|CURICACA|MUNICIPALIDAD DISTRITAL DE CURICACA|Plaza Principal N° 66
120407|JUNÍN|JAUJA|EL MANTARO|MUNICIPALIDAD DISTRITAL DE EL MANTARO|Jr. Junín S/N
120408|JUNÍN|JAUJA|HUAMALÍ|MUNICIPALIDAD DISTRITAL DE HUAMALÍ|Jr. Manuel D. Pinto N° 121 - Plaza Principal
120409|JUNÍN|JAUJA|HUARIPAMPA|MUNICIPALIDAD DISTRITAL DE HUARIPAMPA|Jr. Mariscal Cáceres N° 558 - Plaza Principal
120410|JUNÍN|JAUJA|HUERTAS|MUNICIPALIDAD DISTRITAL DE HUERTAS|Plaza Principal Pomate S/N
120411|JUNÍN|JAUJA|JANJAILLO|MUNICIPALIDAD DISTRITAL DE JANJAILLO|Plaza Principal S/N
120412|JUNÍN|JAUJA|JULCÁN|MUNICIPALIDAD DISTRITAL DE JULCÁN|Jr. Túpac Amaru S/N - Plaza Principal
120413|JUNÍN|JAUJA|LEONOR ORDÓÑEZ|MUNICIPALIDAD DISTRITAL DE LEONOR ORDÓÑEZ|Av. Escolar S/N Mz. T1 Lt. 2 - Plaza Principal
120414|JUNÍN|JAUJA|LLOCLLAPAMPA|MUNICIPALIDAD DISTRITAL DE LLOCLLAPAMPA|Plaza Principal S/N
120415|JUNÍN|JAUJA|MARCO|MUNICIPALIDAD DISTRITAL DE MARCO|Jr. Manuel Landa N° 350 - Plaza Principal
120416|JUNÍN|JAUJA|MASMA|MUNICIPALIDAD DISTRITAL DE MASMA|Jr. Libertad N° 305 - Plaza Principal
120417|JUNÍN|JAUJA|MASMA CHICCHE|MUNICIPALIDAD DISTRITAL DE MASMA CHICCHE|Plaza Principal S/N
120418|JUNÍN|JAUJA|MOLINOS|MUNICIPALIDAD DISTRITAL DE MOLINOS|Plaza Principal S/N
120419|JUNÍN|JAUJA|MONOBAMBA|MUNICIPALIDAD DISTRITAL DE MONOBAMBA|Plaza Principal S/N
120420|JUNÍN|JAUJA|MUQUI|MUNICIPALIDAD DISTRITAL DE MUQUI|Jr. Bolívar S/N - Plaza Principal
120421|JUNÍN|JAUJA|MUQUIYAUYO|MUNICIPALIDAD DISTRITAL DE MUQUIYAUYO|Jr. Atahualpa N° 148 Mz. P1 Lt. 6
120422|JUNÍN|JAUJA|PACA|MUNICIPALIDAD DISTRITAL DE PACA|Jr. Grau S/N
120423|JUNÍN|JAUJA|PACCHA|MUNICIPALIDAD DISTRITAL DE PACCHA|Jr. Manuel Madrid N° 350
120424|JUNÍN|JAUJA|PANCÁN|MUNICIPALIDAD DISTRITAL DE PANCÁN|Calle Las Retamas S/N
120425|JUNÍN|JAUJA|PARCO|MUNICIPALIDAD DISTRITAL DE PARCO|Jr. Amauta N° 315 - Plaza Principal
120426|JUNÍN|JAUJA|POMACANCHA|MUNICIPALIDAD DISTRITAL DE POMACANCHA|Jr. Leoncio Prado S/N
120427|JUNÍN|JAUJA|RICRÁN|MUNICIPALIDAD DISTRITAL DE RICRÁN|Plaza Principal S/N
120428|JUNÍN|JAUJA|SAN LORENZO|MUNICIPALIDAD DISTRITAL DE SAN LORENZO|Jr. 28 de Julio N° 753
120429|JUNÍN|JAUJA|SAN PEDRO DE CHUNÁN|MUNICIPALIDAD DISTRITAL DE SAN PEDRO DE CHUNÁN|Plaza Principal S/N
120430|JUNÍN|JAUJA|SAUSA|MUNICIPALIDAD DISTRITAL DE SAUSA|Jr. San Francisco N° 712
120431|JUNÍN|JAUJA|SINCOS|MUNICIPALIDAD DISTRITAL DE SINCOS|Calle Mantaro S/N
120432|JUNÍN|JAUJA|TUNAN MARCA|MUNICIPALIDAD DISTRITAL DE TUNAN MARCA|Jr. 28 de Julio N° 320 - Plaza Principal
120433|JUNÍN|JAUJA|YAULI|MUNICIPALIDAD DISTRITAL DE YAULI|Jr. 20 de Enero S/N - Plaza Principal
120434|JUNÍN|JAUJA|YAUYOS|MUNICIPALIDAD DISTRITAL DE YAUYOS|Jr. 20 de Enero N° 112
120501|JUNÍN|JUNÍN|JUNÍN|MUNICIPALIDAD PROVINCIAL DE JUNÍN|Jr. Ayacucho N° 125
120502|JUNÍN|JUNÍN|CARHUAMAYO|MUNICIPALIDAD DISTRITAL DE CARHUAMAYO|Jr. Arica N° 161
120503|JUNÍN|JUNÍN|ONDORES|MUNICIPALIDAD DISTRITAL DE ONDORES|Jr. Simón Bolivar S/N con Calle Lima S/N
120504|JUNÍN|JUNÍN|ULCUMAYO|MUNICIPALIDAD DISTRITAL DE ULCUMAYO|Plaza Principal S/N
120601|JUNÍN|SATIPO|SATIPO|MUNICIPALIDAD PROVINCIAL DE SATIPO|Jr. Colonos Fundadores N° 312
120602|JUNÍN|SATIPO|COVIRIALI|MUNICIPALIDAD DISTRITAL DE COVIRIALI|Jr. Túpac Amaru S/N
120603|JUNÍN|SATIPO|LLAYLLA|MUNICIPALIDAD DISTRITAL DE LLAYLLA|Av. Del Pangoa S/N - Plaza Principal
120604|JUNÍN|SATIPO|MAZAMARI|MUNICIPALIDAD DISTRITAL DE MAZAMARI|Av. Perú N° 849 Mz. 57 Lt. 1
120605|JUNÍN|SATIPO|PAMPA HERMOSA|MUNICIPALIDAD DISTRITAL DE PAMPA HERMOSA|Av. Túpac Amaru S/N
120606|JUNÍN|SATIPO|PANGOA|MUNICIPALIDAD DISTRITAL DE PANGOA|Calle 7 de Junio N° 641
120607|JUNÍN|SATIPO|RÍO NEGRO|MUNICIPALIDAD DISTRITAL DE RÍO NEGRO|Av. Defensores de La Paz N° 148
120608|JUNÍN|SATIPO|RÍO TAMBO|MUNICIPALIDAD DISTRITAL DE RÍO TAMBO|Plaza Principal S/N
120609|JUNÍN|SATIPO|VIZCATÁN DEL ENE|MUNICIPALIDAD DISTRITAL DE VIZCATÁN DEL ENE|Plaza Principal San Miguel del Ene S/N
120701|JUNÍN|TARMA|TARMA|MUNICIPALIDAD PROVINCIAL DE TARMA|Jr. Lima N° 199
120702|JUNÍN|TARMA|ACOBAMBA|MUNICIPALIDAD DISTRITAL DE ACOBAMBA|Jr. Callao N° 551
120703|JUNÍN|TARMA|HUARICOLCA|MUNICIPALIDAD DISTRITAL DE HUARICOLCA|Jr. Lima N° 318
120704|JUNÍN|TARMA|HUASAHUASI|MUNICIPALIDAD DISTRITAL DE HUASAHUASI|Jr. Piedraliza N° 104 Mz. N Lt. 11
120705|JUNÍN|TARMA|LA UNIÓN|MUNICIPALIDAD DISTRITAL DE LA UNIÓN|Jr. Cuzco S/N
120706|JUNÍN|TARMA|PALCA|MUNICIPALIDAD DISTRITAL DE PALCA|Jr. San Martín N° 462
120707|JUNÍN|TARMA|PALCAMAYO|MUNICIPALIDAD DISTRITAL DE PALCAMAYO|Jr. Lima S/N - Plaza de Armas
120708|JUNÍN|TARMA|SAN PEDRO DE CAJAS|MUNICIPALIDAD DISTRITAL DE SAN PEDRO DE CAJAS|Plaza Principal S/N
120709|JUNÍN|TARMA|TAPO|MUNICIPALIDAD DISTRITAL DE TAPO|Calle 28 de Julio S/N
120801|JUNÍN|YAULI|LA OROYA|MUNICIPALIDAD PROVINCIAL DE LA OROYA|Av. Horacio Zeballos Gámez N° 315 Km. 0.5
120802|JUNÍN|YAULI|CHACAPALPA|MUNICIPALIDAD DISTRITAL DE CHACAPALPA|Jr. Túpac Amaru N° 120
120803|JUNÍN|YAULI|HUAY-HUAY|MUNICIPALIDAD DISTRITAL DE HUAY-HUAY|Plaza Principal N° 480
120804|JUNÍN|YAULI|MARCAPOMACOCHA|MUNICIPALIDAD DISTRITAL DE MARCAPOMACOCHA|Plaza Principal S/N
120805|JUNÍN|YAULI|MOROCOCHA|MUNICIPALIDAD DISTRITAL DE MOROCOCHA|Plaza Principal S/N
120806|JUNÍN|YAULI|PACCHA|MUNICIPALIDAD DISTRITAL DE PACCHA|Calle 17 de Marzo S/N - Plaza Principal
120807|JUNÍN|YAULI|SANTA BÁRBARA DE CARHUACAYÁN|MUNICIPALIDAD DISTRITAL DE SANTA BÁRBARA DE CARHUACAYÁN|Plaza Principal S/N
120808|JUNÍN|YAULI|SANTA ROSA DE SACCO|MUNICIPALIDAD DISTRITAL DE SANTA ROSA DE SACCO|Calle Mariano Melgar N° 208
120809|JUNÍN|YAULI|SUITUCANCHA|MUNICIPALIDAD DISTRITAL DE SUITUCANCHA|Plaza Principal S/N
120810|JUNÍN|YAULI|YAULI|MUNICIPALIDAD DISTRITAL DE YAULI|Jr. Bolognesi N° 208
120901|JUNÍN|CHUPACA|CHUPACA|MUNICIPALIDAD PROVINCIAL DE CHUPACA|Jr. Grau N° 390
120902|JUNÍN|CHUPACA|AHUAC|MUNICIPALIDAD DISTRITAL DE AHUAC|Jr. Arenales N° 100 - Plaza Cívica
120903|JUNÍN|CHUPACA|CHONGOS BAJO|MUNICIPALIDAD DISTRITAL DE CHONGOS BAJO|Plaza Principal S/N
120904|JUNÍN|CHUPACA|HUÁCHAC|MUNICIPALIDAD DISTRITAL DE HUÁCHAC|Jr. Felipe Vilchez N° 323
120905|JUNÍN|CHUPACA|HUAMANCACA CHICO|MUNICIPALIDAD DISTRITAL DE HUAMANCACA CHICO|Av. 28 de Julio N° 1670
120906|JUNÍN|CHUPACA|SAN JUAN DE ISCOS|MUNICIPALIDAD DISTRITAL DE SAN JUAN DE ISCOS|Av. Ejército S/N - Plaza Principal
120907|JUNÍN|CHUPACA|SAN JUAN DE JARPA|MUNICIPALIDAD DISTRITAL DE SAN JUAN DE JARPA|Plaza Principal S/N
120908|JUNÍN|CHUPACA|TRES DE DICIEMBRE|MUNICIPALIDAD DISTRITAL DE TRES DE DICIEMBRE|Av. Progreso S/N - Plaza Principal
120909|JUNÍN|CHUPACA|YANACANCHA|MUNICIPALIDAD DISTRITAL DE YANACANCHA|Jr. 8 de Agosto S/N - Plaza Principal
130101|LA LIBERTAD|TRUJILLO|TRUJILLO|MUNICIPALIDAD PROVINCIAL DE TRUJILLO|Jr. Francisco Pizarro N° 412
130102|LA LIBERTAD|TRUJILLO|EL PORVENIR|MUNICIPALIDAD DISTRITAL DE EL PORVENIR|Av. Sánchez Carrión N° 500
130103|LA LIBERTAD|TRUJILLO|FLORENCIA DE MORA|MUNICIPALIDAD DISTRITAL DE FLORENCIA DE MORA|Calle José de la Torre Ugarte S/N - Plaza de Armas
130104|LA LIBERTAD|TRUJILLO|HUANCHACO|MUNICIPALIDAD DISTRITAL DE HUANCHACO|Av. La Ribera N° 725
130105|LA LIBERTAD|TRUJILLO|LA ESPERANZA|MUNICIPALIDAD DISTRITAL DE LA ESPERANZA|Calle Carlos María de Alvear N° 999
130106|LA LIBERTAD|TRUJILLO|LAREDO|MUNICIPALIDAD DISTRITAL DE LAREDO|Jr. Reforma N° 360
130107|LA LIBERTAD|TRUJILLO|MOCHE|MUNICIPALIDAD DISTRITAL DE MOCHE|Jr. Bolognesi N° 359
130108|LA LIBERTAD|TRUJILLO|POROTO|MUNICIPALIDAD DISTRITAL DE POROTO|Calle César Vallejo N° 155
130109|LA LIBERTAD|TRUJILLO|SALAVERRY|MUNICIPALIDAD DISTRITAL DE SALAVERRY|Calle Aduana N° 250
130110|LA LIBERTAD|TRUJILLO|SIMBAL|MUNICIPALIDAD DISTRITAL DE SIMBAL|Jr. Los Manguitos N° 204 Mz. I Lt. 11
130111|LA LIBERTAD|TRUJILLO|VICTOR LARCO HERRERA|MUNICIPALIDAD DISTRITAL DE VICTOR LARCO HERRERA|Jr. Independencia N° 210
130112|LA LIBERTAD|TRUJILLO|ALTO TRUJILLO 1/|MUNICIPALIDAD DISTRITAL DE ALTO TRUJILLO 1/|Barrio N° 5A Mz. J2 Lt. 1
130201|LA LIBERTAD|ASCOPE|ASCOPE|MUNICIPALIDAD PROVINCIAL DE ASCOPE|Jr. Leoncio Prado N° 301
130202|LA LIBERTAD|ASCOPE|CHICAMA|MUNICIPALIDAD DISTRITAL DE CHICAMA|Jr. Libertad N° 635 - Plaza de Armas
130203|LA LIBERTAD|ASCOPE|CHOCOPE|MUNICIPALIDAD DISTRITAL DE CHOCOPE|Jr. Simón Bolívar N° 291
130204|LA LIBERTAD|ASCOPE|MAGDALENA DE CAO|MUNICIPALIDAD DISTRITAL DE MAGDALENA DE CAO|Calle Miguel Grau N° 580 Mz. 11 Lt. 5
130205|LA LIBERTAD|ASCOPE|PAIJÁN|MUNICIPALIDAD DISTRITAL DE PAIJÁN|Jr. Grau N° 207
130206|LA LIBERTAD|ASCOPE|RÁZURI|MUNICIPALIDAD DISTRITAL DE RÁZURI|Pasaje Lima N° 602
130207|LA LIBERTAD|ASCOPE|SANTIAGO DE CAO|MUNICIPALIDAD DISTRITAL DE SANTIAGO DE CAO|Calle San Martín N° 360
130208|LA LIBERTAD|ASCOPE|CASA GRANDE|MUNICIPALIDAD DISTRITAL DE CASA GRANDE|Plaza Independencia N° 284
130301|LA LIBERTAD|BOLÍVAR|BOLÍVAR|MUNICIPALIDAD PROVINCIAL DE BOLÍVAR|Jr. Córdova N° 250 Mz. 1 Lt. 1
130302|LA LIBERTAD|BOLÍVAR|BAMBAMARCA|MUNICIPALIDAD DISTRITAL DE BAMBAMARCA|Calle Rosario S/N - Plaza de Armas
130303|LA LIBERTAD|BOLÍVAR|CONDORMARCA|MUNICIPALIDAD DISTRITAL DE CONDORMARCA|Calle Bolívar N° 306
130304|LA LIBERTAD|BOLÍVAR|LONGOTEA|MUNICIPALIDAD DISTRITAL DE LONGOTEA|Jr. 28 de Julio S/N - Plaza de Armas
130305|LA LIBERTAD|BOLÍVAR|UCHUMARCA|MUNICIPALIDAD DISTRITAL DE UCHUMARCA|Calle Progreso N° 25
130306|LA LIBERTAD|BOLÍVAR|UCUNCHA|MUNICIPALIDAD DISTRITAL DE UCUNCHA|Calle San Juan S/N
130401|LA LIBERTAD|CHEPÉN|CHEPÉN|MUNICIPALIDAD PROVINCIAL DE CHEPÉN|Jr. Atahualpa N° 650
130402|LA LIBERTAD|CHEPÉN|PACANGA|MUNICIPALIDAD DISTRITAL DE PACANGA|Calle 28 de Julio N° 525
130403|LA LIBERTAD|CHEPÉN|PUEBLO NUEVO|MUNICIPALIDAD DISTRITAL DE PUEBLO NUEVO|Calle Arco N° 301 Mz. 24 Lt. 3
130501|LA LIBERTAD|JULCÁN|JULCÁN|MUNICIPALIDAD PROVINCIAL DE JULCÁN|Calle César Vallejo N° 100
130502|LA LIBERTAD|JULCÁN|CALAMARCA|MUNICIPALIDAD DISTRITAL DE CALAMARCA|Calle José Carlos Mariátegui S/N
130503|LA LIBERTAD|JULCÁN|CARABAMBA|MUNICIPALIDAD DISTRITAL DE CARABAMBA|Plaza de Armas S/N
130504|LA LIBERTAD|JULCÁN|HUASO|MUNICIPALIDAD DISTRITAL DE HUASO|Jr. Luis Felipe de La Puente Uceda S/N
130601|LA LIBERTAD|OTUZCO|OTUZCO|MUNICIPALIDAD PROVINCIAL DE OTUZCO|Calle Tacna N° 896
130602|LA LIBERTAD|OTUZCO|AGALLPAMPA|MUNICIPALIDAD DISTRITAL DE AGALLPAMPA|Av. César Vallejo S/N
130604|LA LIBERTAD|OTUZCO|CHARAT|MUNICIPALIDAD DISTRITAL DE CHARAT|Av. Lima S/N
130605|LA LIBERTAD|OTUZCO|HUARANCHAL|MUNICIPALIDAD DISTRITAL DE HUARANCHAL|Jr. San Martín S/N
130606|LA LIBERTAD|OTUZCO|LA CUESTA|MUNICIPALIDAD DISTRITAL DE LA CUESTA|Plaza de Armas S/N
130608|LA LIBERTAD|OTUZCO|MACHE|MUNICIPALIDAD DISTRITAL DE MACHE|Calle Leguía S/N con Calle 28 de Julio S/N
130610|LA LIBERTAD|OTUZCO|PARANDAY|MUNICIPALIDAD DISTRITAL DE PARANDAY|Plaza de Armas S/N
130611|LA LIBERTAD|OTUZCO|SALPO|MUNICIPALIDAD DISTRITAL DE SALPO|Plaza de Armas N° 100
130613|LA LIBERTAD|OTUZCO|SINSICAP|MUNICIPALIDAD DISTRITAL DE SINSICAP|Calle Grau S/N
130614|LA LIBERTAD|OTUZCO|USQUIL|MUNICIPALIDAD DISTRITAL DE USQUIL|Calle Progreso N° 225
130701|LA LIBERTAD|PACASMAYO|SAN PEDRO DE LLOC|MUNICIPALIDAD PROVINCIAL DE SAN PEDRO DE LLOC|Calle Dos de Mayo N° 360
130702|LA LIBERTAD|PACASMAYO|GUADALUPE|MUNICIPALIDAD DISTRITAL DE GUADALUPE|Plaza de Armas N° 185
130703|LA LIBERTAD|PACASMAYO|JEQUETEPEQUE|MUNICIPALIDAD DISTRITAL DE JEQUETEPEQUE|Calle San José N° 340
130704|LA LIBERTAD|PACASMAYO|PACASMAYO|MUNICIPALIDAD DISTRITAL DE PACASMAYO|Calle Manco Cápac N° 45
130705|LA LIBERTAD|PACASMAYO|SAN JOSÉ|MUNICIPALIDAD DISTRITAL DE SAN JOSÉ|Plaza de Armas N° 211 Mz. 14 Lt. 6
130801|LA LIBERTAD|PATAZ|TAYABAMBA|MUNICIPALIDAD PROVINCIAL DE TAYABAMBA|Jr. José Gálvez N° 320 Mz. 26 Lt. 4
130802|LA LIBERTAD|PATAZ|BULDIBUYO|MUNICIPALIDAD DISTRITAL DE BULDIBUYO|Jr. San Martín N° 12 Mz. 4
130803|LA LIBERTAD|PATAZ|CHILLIA|MUNICIPALIDAD DISTRITAL DE CHILLIA|Jr. Miraflores S/N - Plaza de Armas
130804|LA LIBERTAD|PATAZ|HUANCASPATA|MUNICIPALIDAD DISTRITAL DE HUANCASPATA|Jr. 5 de Marzo N° 208 - Plaza de Armas
130805|LA LIBERTAD|PATAZ|HUAYLILLAS|MUNICIPALIDAD DISTRITAL DE HUAYLILLAS|Jr. Túpac Amaru S/N
130806|LA LIBERTAD|PATAZ|HUAYO|MUNICIPALIDAD DISTRITAL DE HUAYO|Jr. Ramón Castilla N° 100
130807|LA LIBERTAD|PATAZ|ONGON|MUNICIPALIDAD DISTRITAL DE ONGON|Plaza de Armas S/N
130808|LA LIBERTAD|PATAZ|PARCOY|MUNICIPALIDAD DISTRITAL DE PARCOY|Calle San Martín N° 126
130809|LA LIBERTAD|PATAZ|PATAZ|MUNICIPALIDAD DISTRITAL DE PATAZ|Calle San Pedro S/N
130810|LA LIBERTAD|PATAZ|PIAS|MUNICIPALIDAD DISTRITAL DE PIAS|Calle María Natividad N° 101 - Plaza de Armas
130811|LA LIBERTAD|PATAZ|SANTIAGO DE CHALLAS|MUNICIPALIDAD DISTRITAL DE SANTIAGO DE CHALLAS|Jr. Atahualpa S/N
130812|LA LIBERTAD|PATAZ|TAURIJA|MUNICIPALIDAD DISTRITAL DE TAURIJA|Av. Plaza de Armas S/N
130813|LA LIBERTAD|PATAZ|URPAY|MUNICIPALIDAD DISTRITAL DE URPAY|Jr. Progreso S/N Mz. 20 Lt. 8 - Plaza de Armas
130901|LA LIBERTAD|SÁNCHEZ CARRIÓN|HUAMACHUCO|MUNICIPALIDAD PROVINCIAL DE HUAMACHUCO|Jr. Ramón Castilla N° 564
130902|LA LIBERTAD|SÁNCHEZ CARRIÓN|CHUGAY|MUNICIPALIDAD DISTRITAL DE CHUGAY|Jr. Daniel Alcides Carrión N° 369
130903|LA LIBERTAD|SÁNCHEZ CARRIÓN|COCHORCO|MUNICIPALIDAD DISTRITAL DE COCHORCO|Av. Sánchez Carrión S/N - Plaza de Armas Aricapampa
130904|LA LIBERTAD|SÁNCHEZ CARRIÓN|CURGOS|MUNICIPALIDAD DISTRITAL DE CURGOS|Calle Progreso N° 207 Mz. 9 Lt. 5
130905|LA LIBERTAD|SÁNCHEZ CARRIÓN|MARCABAL|MUNICIPALIDAD DISTRITAL DE MARCABAL|Av. Señor de La Misericordia N° 203
130906|LA LIBERTAD|SÁNCHEZ CARRIÓN|SANAGORAN|MUNICIPALIDAD DISTRITAL DE SANAGORAN|Calle Los Ángeles S/N - Plaza de Armas
130907|LA LIBERTAD|SÁNCHEZ CARRIÓN|SARÍN|MUNICIPALIDAD DISTRITAL DE SARÍN|Jr. Colon N° 765
130908|LA LIBERTAD|SÁNCHEZ CARRIÓN|SARTIMBAMBA|MUNICIPALIDAD DISTRITAL DE SARTIMBAMBA|Calle Ciro Alegría S/N - Plaza de Armas
131001|LA LIBERTAD|SANTIAGO DE CHUCO|SANTIAGO DE CHUCO|MUNICIPALIDAD PROVINCIAL DE SANTIAGO DE CHUCO|Jr. Paco Yunque N° 735
131002|LA LIBERTAD|SANTIAGO DE CHUCO|ANGASMARCA|MUNICIPALIDAD DISTRITAL DE ANGASMARCA|Av. César Vallejo N° 300
131003|LA LIBERTAD|SANTIAGO DE CHUCO|CACHICADAN|MUNICIPALIDAD DISTRITAL DE CACHICADAN|Jr. Antonio Raymondi N° 162
131004|LA LIBERTAD|SANTIAGO DE CHUCO|MOLLEBAMBA|MUNICIPALIDAD DISTRITAL DE MOLLEBAMBA|Calle Néstor García S/N
131005|LA LIBERTAD|SANTIAGO DE CHUCO|MOLLEPATA|MUNICIPALIDAD DISTRITAL DE MOLLEPATA|Plaza de Armas S/N
131006|LA LIBERTAD|SANTIAGO DE CHUCO|QUIRUVILCA|MUNICIPALIDAD DISTRITAL DE QUIRUVILCA|Jr. Trujillo N° 165
131007|LA LIBERTAD|SANTIAGO DE CHUCO|SANTA CRUZ DE CHUCA|MUNICIPALIDAD DISTRITAL DE SANTA CRUZ DE CHUCA|Calle 20 de Febrero N° 255
131008|LA LIBERTAD|SANTIAGO DE CHUCO|SITABAMBA|MUNICIPALIDAD DISTRITAL DE SITABAMBA|Jr. José Olaya S/N
131101|LA LIBERTAD|GRAN CHIMÚ|CASCAS|MUNICIPALIDAD PROVINCIAL DE CASCAS|Jr. 28 de Julio N° 500
131102|LA LIBERTAD|GRAN CHIMÚ|LUCMA|MUNICIPALIDAD DISTRITAL DE LUCMA|Jr. Tarapacá S/N - Plaza de Armas
131103|LA LIBERTAD|GRAN CHIMÚ|MARMOT|MUNICIPALIDAD DISTRITAL DE MARMOT|Calle Mendelevio N° 414
131104|LA LIBERTAD|GRAN CHIMÚ|SAYAPULLO|MUNICIPALIDAD DISTRITAL DE SAYAPULLO|Jr. Vega Ravines S/N
131201|LA LIBERTAD|VIRÚ|VIRÚ|MUNICIPALIDAD PROVINCIAL DE VIRÚ|Calle Independencia N° 510
131202|LA LIBERTAD|VIRÚ|CHAO|MUNICIPALIDAD DISTRITAL DE CHAO|Av. César Vallejo N° 380
131203|LA LIBERTAD|VIRÚ|GUADALUPITO|MUNICIPALIDAD DISTRITAL DE GUADALUPITO|Calle Túpac Amaru S/N Mz. 10 Lt. 1
140101|LAMBAYEQUE|CHICLAYO|CHICLAYO|MUNICIPALIDAD PROVINCIAL DE CHICLAYO|Calle Elías Aguirre N° 240
140102|LAMBAYEQUE|CHICLAYO|CHONGOYAPE|MUNICIPALIDAD DISTRITAL DE CHONGOYAPE|Calle Lima N° 1225
140103|LAMBAYEQUE|CHICLAYO|ETÉN|MUNICIPALIDAD DISTRITAL DE ETÉN|Calle Pedro Ruiz Gallo N° 579
140104|LAMBAYEQUE|CHICLAYO|ETÉN PUERTO|MUNICIPALIDAD DISTRITAL DE ETÉN PUERTO|Calle San Martín N° 126
140105|LAMBAYEQUE|CHICLAYO|JOSÉ LEONARDO ORTIZ|MUNICIPALIDAD DISTRITAL DE JOSÉ LEONARDO ORTIZ|Av. Sáenz Peña N° 2151
140106|LAMBAYEQUE|CHICLAYO|LA VICTORIA|MUNICIPALIDAD DISTRITAL DE LA VICTORIA|Av. Unión N° 1696
140107|LAMBAYEQUE|CHICLAYO|LAGUNAS|MUNICIPALIDAD DISTRITAL DE LAGUNAS|Jr. Lima N° 456 Mz. 29 Lt. 3
140108|LAMBAYEQUE|CHICLAYO|MONSEFÚ|MUNICIPALIDAD DISTRITAL DE MONSEFÚ|Av. 7 de Junio N° 513 Mz. 22 Lt. 1
140109|LAMBAYEQUE|CHICLAYO|NUEVA ARICA|MUNICIPALIDAD DISTRITAL DE NUEVA ARICA|Calle Miguel Grau N° 851 Mz. 18 Lt. 3
140110|LAMBAYEQUE|CHICLAYO|OYOTUN|MUNICIPALIDAD DISTRITAL DE OYOTUN|Calle Alfonso Ugarte N° 351
140111|LAMBAYEQUE|CHICLAYO|PICSI|MUNICIPALIDAD DISTRITAL DE PICSI|Calle Congreso N° 169
140112|LAMBAYEQUE|CHICLAYO|PIMENTEL|MUNICIPALIDAD DISTRITAL DE PIMENTEL|Calle Leoncio Prado N° 143
140113|LAMBAYEQUE|CHICLAYO|REQUE|MUNICIPALIDAD DISTRITAL DE REQUE|Calle Elías Aguirre N° 229
140114|LAMBAYEQUE|CHICLAYO|SANTA ROSA|MUNICIPALIDAD DISTRITAL DE SANTA ROSA|Calle Unión N° 433
140115|LAMBAYEQUE|CHICLAYO|SAÑA|MUNICIPALIDAD DISTRITAL DE SAÑA|Calle Real N° 450 Mz. D19 Lt. 5
140116|LAMBAYEQUE|CHICLAYO|CAYALTÍ|MUNICIPALIDAD DISTRITAL DE CAYALTÍ|Av. Túpac Amaru N° 100
140117|LAMBAYEQUE|CHICLAYO|PATAPO|MUNICIPALIDAD DISTRITAL DE PATAPO|Av. Real S/N
140118|LAMBAYEQUE|CHICLAYO|POMALCA|MUNICIPALIDAD DISTRITAL DE POMALCA|Av. Apolinario Salcedo S/N Mz. A Lt. 8 Km. 6
140119|LAMBAYEQUE|CHICLAYO|PUCALA|MUNICIPALIDAD DISTRITAL DE PUCALA|Av. Justo Irazábal Landázuri S/N
140120|LAMBAYEQUE|CHICLAYO|TUMÁN|MUNICIPALIDAD DISTRITAL DE TUMÁN|Av. Enrique Ferreyros N° 1
140201|LAMBAYEQUE|FERREÑAFE|FERREÑAFE|MUNICIPALIDAD PROVINCIAL DE FERREÑAFE|Calle Nicanor Carmona N° 436 Mz. 129 Lt. 7
140202|LAMBAYEQUE|FERREÑAFE|CAÑARIS|MUNICIPALIDAD DISTRITAL DE CAÑARIS|Av. San Martín S/N
140203|LAMBAYEQUE|FERREÑAFE|INCAHUASI|MUNICIPALIDAD DISTRITAL DE INCAHUASI|Calle 17 de Febrero S/N
140204|LAMBAYEQUE|FERREÑAFE|MANUEL ANTONIO MESONES MURO|MUNICIPALIDAD DISTRITAL DE MANUEL ANTONIO MESONES MURO|Av. San Isidro Labrador N° 201
140205|LAMBAYEQUE|FERREÑAFE|PITIPO|MUNICIPALIDAD DISTRITAL DE PITIPO|Av. Francisco Muro Moreno N° 112
140206|LAMBAYEQUE|FERREÑAFE|PUEBLO NUEVO|MUNICIPALIDAD DISTRITAL DE PUEBLO NUEVO|Calle Casimiro Chumán N° 517
140301|LAMBAYEQUE|LAMBAYEQUE|LAMBAYEQUE|MUNICIPALIDAD PROVINCIAL DE LAMBAYEQUE|Calle Bolívar N° 400
140302|LAMBAYEQUE|LAMBAYEQUE|CHOCHOPE|MUNICIPALIDAD DISTRITAL DE CHOCHOPE|Calle Leoncio Prado N° 137
140303|LAMBAYEQUE|LAMBAYEQUE|ILLIMO|MUNICIPALIDAD DISTRITAL DE ILLIMO|Calle Real N° 444 Mz. 32 Lt. 8 Km. 37
140304|LAMBAYEQUE|LAMBAYEQUE|JAYANCA|MUNICIPALIDAD DISTRITAL DE JAYANCA|Calle Bolognesi N° 101
140305|LAMBAYEQUE|LAMBAYEQUE|MOCHUMI|MUNICIPALIDAD DISTRITAL DE MOCHUMI|Calle San José N° 455
140306|LAMBAYEQUE|LAMBAYEQUE|MÓRROPE|MUNICIPALIDAD DISTRITAL DE MÓRROPE|Calle Bolognesi N° 402
140307|LAMBAYEQUE|LAMBAYEQUE|MOTUPE|MUNICIPALIDAD DISTRITAL DE MOTUPE|Calle Túpac Amaru N° 531
140308|LAMBAYEQUE|LAMBAYEQUE|OLMOS|MUNICIPALIDAD DISTRITAL DE OLMOS|Calle Santo Domingo N° 886 Mz. 1 Lt. 18
140309|LAMBAYEQUE|LAMBAYEQUE|PACORA|MUNICIPALIDAD DISTRITAL DE PACORA|Calle 28 de Julio N° 106
140310|LAMBAYEQUE|LAMBAYEQUE|SALAS|MUNICIPALIDAD DISTRITAL DE SALAS|Calle El Niño N° 465
140311|LAMBAYEQUE|LAMBAYEQUE|SAN JOSÉ|MUNICIPALIDAD DISTRITAL DE SAN JOSÉ|Calle Francisco Bolognesi N° 259
140312|LAMBAYEQUE|LAMBAYEQUE|TUCUME|MUNICIPALIDAD DISTRITAL DE TUCUME|Calle Unión N° 540
150101|LIMA|LIMA|LIMA|MUNICIPALIDAD PROVINCIAL DE LIMA|Jr. De La Unión N° 300
150102|LIMA|LIMA|ANCÓN|MUNICIPALIDAD DISTRITAL DE ANCÓN|Av. Malecón Ferreyros N° 376
150103|LIMA|LIMA|ATE|MUNICIPALIDAD DISTRITAL DE ATE|Av. Nicolás Ayllón N° 5818
150104|LIMA|LIMA|BARRANCO|MUNICIPALIDAD DISTRITAL DE BARRANCO|Av. San Martín S/N
150105|LIMA|LIMA|BREÑA|MUNICIPALIDAD DISTRITAL DE BREÑA|Av. Arica N° 500
150106|LIMA|LIMA|CARABAYLLO|MUNICIPALIDAD DISTRITAL DE CARABAYLLO|Av. Túpac Amaru N° 1733 Km. 18
150107|LIMA|LIMA|CHACLACAYO|MUNICIPALIDAD DISTRITAL DE CHACLACAYO|Av. Nicolás Ayllón N° 856
150108|LIMA|LIMA|CHORRILLOS|MUNICIPALIDAD DISTRITAL DE CHORRILLOS|Av. Defensores del Morro N° 2765
150109|LIMA|LIMA|CIENEGUILLA|MUNICIPALIDAD DISTRITAL DE CIENEGUILLA|Av. Nueva Toledo N° 97 Mz. B - Parcelación Primera Etapa
150110|LIMA|LIMA|COMAS|MUNICIPALIDAD DISTRITAL DE COMAS|Av. 22 de Agosto S/N
150111|LIMA|LIMA|EL AGUSTINO|MUNICIPALIDAD DISTRITAL DE EL AGUSTINO|Av. José de la Riva Agüero N° 1358
150112|LIMA|LIMA|INDEPENDENCIA|MUNICIPALIDAD DISTRITAL DE INDEPENDENCIA|Av. Túpac Amaru S/N
150113|LIMA|LIMA|JESÚS MARÍA|MUNICIPALIDAD DISTRITAL DE JESÚS MARÍA|Av. Cuba N° 749
150114|LIMA|LIMA|LA MOLINA|MUNICIPALIDAD DISTRITAL DE LA MOLINA|Av. Ricardo Elías Aparicio N° 740
150115|LIMA|LIMA|LA VICTORIA|MUNICIPALIDAD DISTRITAL DE LA VICTORIA|Av. Iquitos N° 500
150116|LIMA|LIMA|LINCE|MUNICIPALIDAD DISTRITAL DE LINCE|Av. Juan Pardo de Zela N° 480
150117|LIMA|LIMA|LOS OLIVOS|MUNICIPALIDAD DISTRITAL DE LOS OLIVOS|Av. Carlos A. Izaguirre N° 813
150118|LIMA|LIMA|LURIGANCHO|MUNICIPALIDAD DISTRITAL DE LURIGANCHO|Jr. Trujillo Sur N° 496
150119|LIMA|LIMA|LURÍN|MUNICIPALIDAD DISTRITAL DE LURÍN|Jr. Grau N° 319
150120|LIMA|LIMA|MAGDALENA DEL MAR|MUNICIPALIDAD DISTRITAL DE MAGDALENA DEL MAR|Av. Brasil N° 3501
150121|LIMA|LIMA|PUEBLO LIBRE|MUNICIPALIDAD DISTRITAL DE PUEBLO LIBRE|Av. General Manuel Vivanco N° 859
150122|LIMA|LIMA|MIRAFLORES|MUNICIPALIDAD DISTRITAL DE MIRAFLORES|Av. José Larco N° 400
150123|LIMA|LIMA|PACHACÁMAC|MUNICIPALIDAD DISTRITAL DE PACHACÁMAC|Jr. Paraíso N° 206 Mz. 15 Lt. 3
150124|LIMA|LIMA|PUCUSANA|MUNICIPALIDAD DISTRITAL DE PUCUSANA|Av. Grau N° 309
150125|LIMA|LIMA|PUENTE PIEDRA|MUNICIPALIDAD DISTRITAL DE PUENTE PIEDRA|Calle 9 de Junio N° 100
150126|LIMA|LIMA|PUNTA HERMOSA|MUNICIPALIDAD DISTRITAL DE PUNTA HERMOSA|Av. Sunset N° 1141
150127|LIMA|LIMA|PUNTA NEGRA|MUNICIPALIDAD DISTRITAL DE PUNTA NEGRA|Av. San José S/N con Av. Los Calamares S/N
150128|LIMA|LIMA|RÍMAC|MUNICIPALIDAD DISTRITAL DE RÍMAC|Plaza de Armas del Rimac N° 1509
150129|LIMA|LIMA|SAN BARTOLO|MUNICIPALIDAD DISTRITAL DE SAN BARTOLO|Av. Parque Principal S/N
150130|LIMA|LIMA|SAN BORJA|MUNICIPALIDAD DISTRITAL DE SAN BORJA|Av. Joaquín Madrid N° 200
150131|LIMA|LIMA|SAN ISIDRO|MUNICIPALIDAD DISTRITAL DE SAN ISIDRO|Calle Augusto Tamayo N° 180
150132|LIMA|LIMA|SAN JUAN DE LURIGANCHO|MUNICIPALIDAD DISTRITAL DE SAN JUAN DE LURIGANCHO|Jr. Los Amautas N° 180 - Urb. Zárate
150133|LIMA|LIMA|SAN JUAN DE MIRAFLORES|MUNICIPALIDAD DISTRITAL DE SAN JUAN DE MIRAFLORES|Av. Belisario Suárez N° 1075
150134|LIMA|LIMA|SAN LUIS|MUNICIPALIDAD DISTRITAL DE SAN LUIS|Av. Del Aire N° 1540 - Urb. Villa Jardín
150135|LIMA|LIMA|SAN MARTIN DE PORRES|MUNICIPALIDAD DISTRITAL DE SAN MARTIN DE PORRES|Av. Alfredo Mendiola N° 169
150136|LIMA|LIMA|SAN MIGUEL|MUNICIPALIDAD DISTRITAL DE SAN MIGUEL|Av. Federico Gallese N° 370
150137|LIMA|LIMA|SANTA ANITA|MUNICIPALIDAD DISTRITAL DE SANTA ANITA|Av. Eucaliptos N° 1508
150138|LIMA|LIMA|SANTA MARÍA DEL MAR|MUNICIPALIDAD DISTRITAL DE SANTA MARÍA DEL MAR|Av. El Sardinero N° 100
150139|LIMA|LIMA|SANTA ROSA|MUNICIPALIDAD DISTRITAL DE SANTA ROSA|Av. Alejandro Bertello N° 304
150140|LIMA|LIMA|SANTIAGO DE SURCO|MUNICIPALIDAD DISTRITAL DE SANTIAGO DE SURCO|Jr. Francisco Bolognesi N° 275 - Plaza de Armas
150141|LIMA|LIMA|SURQUILLO|MUNICIPALIDAD DISTRITAL DE SURQUILLO|Jr. Manuel Irribarren N° 155
150142|LIMA|LIMA|VILLA EL SALVADOR|MUNICIPALIDAD DISTRITAL DE VILLA EL SALVADOR|Av. Revolución S/N con Av. César Vallejo S/N
150143|LIMA|LIMA|VILLA MARÍA DEL TRIUNFO|MUNICIPALIDAD DISTRITAL DE VILLA MARÍA DEL TRIUNFO|Jr. José Galvez N° 895
150201|LIMA|BARRANCA|BARRANCA|MUNICIPALIDAD PROVINCIAL DE BARRANCA|Jr. Ramon Zavala N° 500
150202|LIMA|BARRANCA|PARAMONGA|MUNICIPALIDAD DISTRITAL DE PARAMONGA|Av. Almirante Miguel Grau S/N
150203|LIMA|BARRANCA|PATIVILCA|MUNICIPALIDAD DISTRITAL DE PATIVILCA|Calle Bolívar N° 209 - Plaza de Armas
150204|LIMA|BARRANCA|SUPE|MUNICIPALIDAD DISTRITAL DE SUPE|Jr. San Martín N° 446
150205|LIMA|BARRANCA|SUPE PUERTO|MUNICIPALIDAD DISTRITAL DE SUPE PUERTO|Jr. Trujillo N° 163
150301|LIMA|CAJATAMBO|CAJATAMBO|MUNICIPALIDAD PROVINCIAL DE CAJATAMBO|Plaza de Armas N° 100
150302|LIMA|CAJATAMBO|COPA|MUNICIPALIDAD DISTRITAL DE COPA|Plaza de Armas S/N
150303|LIMA|CAJATAMBO|GORGOR|MUNICIPALIDAD DISTRITAL DE GORGOR|Av. 28 de Julio S/N - Plaza de Armas
150304|LIMA|CAJATAMBO|HUANCAPÓN|MUNICIPALIDAD DISTRITAL DE HUANCAPÓN|Jr. Sucre S/N - Plaza de Armas
150305|LIMA|CAJATAMBO|MANAS|MUNICIPALIDAD DISTRITAL DE MANAS|Plaza Los Libertadores S/N
150401|LIMA|CANTA|CANTA|MUNICIPALIDAD PROVINCIAL DE CANTA|Jr. Independencia N° 308 - Plaza de Armas
150402|LIMA|CANTA|ARAHUAY|MUNICIPALIDAD DISTRITAL DE ARAHUAY|Plaza de Armas S/N
150403|LIMA|CANTA|HUAMANTANGA|MUNICIPALIDAD DISTRITAL DE HUAMANTANGA|Plaza de Armas N° 8 Mz. T Lt. 8 Km. 20
150404|LIMA|CANTA|HUAROS|MUNICIPALIDAD DISTRITAL DE HUAROS|Plaza de Armas N° 408
150405|LIMA|CANTA|LACHAQUI|MUNICIPALIDAD DISTRITAL DE LACHAQUI|Jr. 15 de Enero N° 15
150406|LIMA|CANTA|SAN BUENAVENTURA SANTA ROSA DE|MUNICIPALIDAD DISTRITAL DE SAN BUENAVENTURA|Jr. 28 de Julio S/N Mz. I Lt. 12 Av. San Marcelo de Yangas
150407|LIMA|CANTA|QUIVES|MUNICIPALIDAD DISTRITAL DE SANTA ROSA DE QUIVES|S/N (Carretera Lima - Canta Km.56)
150501|LIMA|CAÑETE|SAN VICENTE DE CAÑETE|MUNICIPALIDAD PROVINCIAL DE SAN VICENTE DE CAÑETE|Jr. Bolognesi N° 250
150502|LIMA|CAÑETE|ASIA|MUNICIPALIDAD DISTRITAL DE ASIA|Calle La Mar N° 315
150503|LIMA|CAÑETE|CALANGO|MUNICIPALIDAD DISTRITAL DE CALANGO|Av. Granados S/N
150504|LIMA|CAÑETE|CERRO AZUL|MUNICIPALIDAD DISTRITAL DE CERRO AZUL|Jr. Alfonso Ugarte S/N
150505|LIMA|CAÑETE|CHILCA|MUNICIPALIDAD DISTRITAL DE CHILCA|Av. Mariano Ignacio Prado N° 496
150506|LIMA|CAÑETE|COAYLLO|MUNICIPALIDAD DISTRITAL DE COAYLLO|Av. Oscar R. Benavides N° 430 Mz. R Lt. 13
150507|LIMA|CAÑETE|IMPERIAL|MUNICIPALIDAD DISTRITAL DE IMPERIAL|Jr. 28 de Julio N° 335
150508|LIMA|CAÑETE|LUNAHUANA|MUNICIPALIDAD DISTRITAL DE LUNAHUANA|Plaza de Armas S/N
150509|LIMA|CAÑETE|MALA|MUNICIPALIDAD DISTRITAL DE MALA|Plaza de Armas N° 177
150510|LIMA|CAÑETE|NUEVO IMPERIAL|MUNICIPALIDAD DISTRITAL DE NUEVO IMPERIAL|Jr. Manchego Muñoz N° 410
150511|LIMA|CAÑETE|PACARÁN|MUNICIPALIDAD DISTRITAL DE PACARÁN|Jr. Miraflores N° 165 - Plaza de Armas
150512|LIMA|CAÑETE|QUILMANA|MUNICIPALIDAD DISTRITAL DE QUILMANA|Av. Lima N° 451 Mz. 32 Lt. 16 Km. 14
150513|LIMA|CAÑETE|SAN ANTONIO|MUNICIPALIDAD DISTRITAL DE SAN ANTONIO|Jr. Pedro Advíncula Quispe Chumpitaz N° 137
150514|LIMA|CAÑETE|SAN LUIS|MUNICIPALIDAD DISTRITAL DE SAN LUIS|Plaza de Armas S/N
150515|LIMA|CAÑETE|SANTA CRUZ DE FLORES|MUNICIPALIDAD DISTRITAL DE SANTA CRUZ DE FLORES|Av. Pedro Avilio Ayala Cuya N° 410
150516|LIMA|CAÑETE|ZUÑIGA|MUNICIPALIDAD DISTRITAL DE ZUÑIGA|Plaza de Armas N° 203
150601|LIMA|HUARAL|HUARAL|MUNICIPALIDAD PROVINCIAL DE HUARAL|Plaza de Armas S/N
150602|LIMA|HUARAL|ATAVILLOS ALTO|MUNICIPALIDAD DISTRITAL DE ATAVILLOS ALTO|Plaza de Armas S/N
150603|LIMA|HUARAL|ATAVILLOS BAJO|MUNICIPALIDAD DISTRITAL DE ATAVILLOS BAJO|Plaza de Armas S/N
150604|LIMA|HUARAL|AUCALLAMA|MUNICIPALIDAD DISTRITAL DE AUCALLAMA|Plaza de Armas S/N
150605|LIMA|HUARAL|CHANCAY|MUNICIPALIDAD DISTRITAL DE CHANCAY|Calle Diego López de Zúñiga N° 142
150606|LIMA|HUARAL|IHUARI|MUNICIPALIDAD DISTRITAL DE IHUARI|Av. Chancay N° 208
150607|LIMA|HUARAL|LAMPIÁN|MUNICIPALIDAD DISTRITAL DE LAMPIÁN|Plaza de Armas S/N
150608|LIMA|HUARAL|PACARAOS|MUNICIPALIDAD DISTRITAL DE PACARAOS|Plaza de Armas S/N
150609|LIMA|HUARAL|SAN MIGUEL DE ACOS|MUNICIPALIDAD DISTRITAL DE SAN MIGUEL DE ACOS|Av. Salvador del Solar S/N Mz. E Lt. 1
150610|LIMA|HUARAL|SANTA CRUZ DE ANDAMARCA|MUNICIPALIDAD DISTRITAL DE SANTA CRUZ DE ANDAMARCA|Plaza de Armas Virus S/N
150611|LIMA|HUARAL|SUMBILCA|MUNICIPALIDAD DISTRITAL DE SUMBILCA|Plaza de Armas S/N
150612|LIMA|HUARAL|VEINTISIETE DE NOVIEMBRE|MUNICIPALIDAD DISTRITAL DE VEINTISIETE DE NOVIEMBRE|Plaza de Armas S/N
150701|LIMA|HUAROCHIRÍ|MATUCANA|MUNICIPALIDAD PROVINCIAL DE MATUCANA|Plaza Independencia N° 117
150702|LIMA|HUAROCHIRÍ|ANTIOQUÍA|MUNICIPALIDAD DISTRITAL DE ANTIOQUÍA|Plaza Espíritu Santo S/N
150703|LIMA|HUAROCHIRÍ|CALLAHUANCA|MUNICIPALIDAD DISTRITAL DE CALLAHUANCA|Plaza Principal S/N
150704|LIMA|HUAROCHIRÍ|CARAMPOMA|MUNICIPALIDAD DISTRITAL DE CARAMPOMA|Plaza Principal S/N
150705|LIMA|HUAROCHIRÍ|CHICLA|MUNICIPALIDAD DISTRITAL DE CHICLA|Av. Mariscal Cáceres N° 109
150706|LIMA|HUAROCHIRÍ|CUENCA|MUNICIPALIDAD DISTRITAL DE CUENCA|Plaza Principal S/N
150707|LIMA|HUAROCHIRÍ|HUACHUPAMPA|MUNICIPALIDAD DISTRITAL DE HUACHUPAMPA|Calle 29 de Agosto S/N
150708|LIMA|HUAROCHIRÍ|HUANZA|MUNICIPALIDAD DISTRITAL DE HUANZA|Plaza de Armas S/N
150709|LIMA|HUAROCHIRÍ|HUAROCHIRÍ|MUNICIPALIDAD DISTRITAL DE HUAROCHIRÍ|Jr. San Martín N° 209 Mz. 47 Lt. 25
150710|LIMA|HUAROCHIRÍ|LAHUAYTAMBO|MUNICIPALIDAD DISTRITAL DE LAHUAYTAMBO|Plaza Francisco Inka S/N
150711|LIMA|HUAROCHIRÍ|LANGA|MUNICIPALIDAD DISTRITAL DE LANGA|Plaza Miguel Grau S/N Mz. J Lt. 1 Km. 90
150712|LIMA|HUAROCHIRÍ|SAN PEDRO DE LARAOS|MUNICIPALIDAD DISTRITAL DE SAN PEDRO DE LARAOS|Plaza de Armas S/N
150713|LIMA|HUAROCHIRÍ|MARIATANA|MUNICIPALIDAD DISTRITAL DE MARIATANA|Plaza Principal S/N
150714|LIMA|HUAROCHIRÍ|RICARDO PALMA|MUNICIPALIDAD DISTRITAL DE RICARDO PALMA|Plaza Baraco S/N
150715|LIMA|HUAROCHIRÍ|SAN ANDRÉS DE TUPICOCHA|MUNICIPALIDAD DISTRITAL DE SAN ANDRÉS DE TUPICOCHA|Plaza de Armas S/N
150716|LIMA|HUAROCHIRÍ|SAN ANTONIO|MUNICIPALIDAD DISTRITAL DE SAN ANTONIO|Av. Óvalo Central Jicamarca N° 1 Mz. N1 Lt. 16
150717|LIMA|HUAROCHIRÍ|SAN BARTOLOMÉ|MUNICIPALIDAD DISTRITAL DE SAN BARTOLOMÉ|Av. Alfonso Ugarte S/N - Carretera Central Km. 57
150718|LIMA|HUAROCHIRÍ|SAN DAMIAN|MUNICIPALIDAD DISTRITAL DE SAN DAMIAN|Jr. Lima N° 300
150719|LIMA|HUAROCHIRÍ|SAN JUAN DE IRIS|MUNICIPALIDAD DISTRITAL DE SAN JUAN DE IRIS|Plaza de Armas S/N
150720|LIMA|HUAROCHIRÍ|SAN JUAN DE TANTARANCHE|MUNICIPALIDAD DISTRITAL DE SAN JUAN DE TANTARANCHE|Plaza de Armas S/N
150721|LIMA|HUAROCHIRÍ|SAN LORENZO DE QUINTI|MUNICIPALIDAD DISTRITAL DE SAN LORENZO DE QUINTI|Plaza de Armas S/N
150722|LIMA|HUAROCHIRÍ|SAN MATEO|MUNICIPALIDAD DISTRITAL DE SAN MATEO|Jr. Colón N° 101
150723|LIMA|HUAROCHIRÍ|SAN MATEO DE OTAO|MUNICIPALIDAD DISTRITAL DE SAN MATEO DE OTAO|Plaza Blas De La Cruz Común C Lt. 3
150724|LIMA|HUAROCHIRÍ|SAN PEDRO DE CASTA|MUNICIPALIDAD DISTRITAL DE SAN PEDRO DE CASTA|Plaza Principal S/N
150725|LIMA|HUAROCHIRÍ|SAN PEDRO DE HUANCAYRE|MUNICIPALIDAD DISTRITAL DE SAN PEDRO DE HUANCAYRE|Plaza de Armas S/N
150726|LIMA|HUAROCHIRÍ|SANGALLAYA|MUNICIPALIDAD DISTRITAL DE SANGALLAYA|Plaza Principal S/N
150727|LIMA|HUAROCHIRÍ|SANTA CRUZ DE COCACHACRA|MUNICIPALIDAD DISTRITAL DE SANTA CRUZ DE COCACHACRA|Av. Miguel Grau N° 184
150728|LIMA|HUAROCHIRÍ|SANTA EULALIA|MUNICIPALIDAD DISTRITAL DE SANTA EULALIA|Av. San Martín N° 2860
150729|LIMA|HUAROCHIRÍ|SANTIAGO DE ANCHUCAYA|MUNICIPALIDAD DISTRITAL DE SANTIAGO DE ANCHUCAYA|Plaza Principal S/N
150730|LIMA|HUAROCHIRÍ|SANTIAGO DE TUNA|MUNICIPALIDAD DISTRITAL DE SANTIAGO DE TUNA|Av. José Galvez N° 2 Mz. Z Lt. 2 Km. 25
150731|LIMA|HUAROCHIRÍ|SANTO DOMINGO DE LOS OLLEROS|MUNICIPALIDAD DISTRITAL DE SANTO DOMINGO DE LOS OLLEROS|Av. Santo Domingo de Los Olleros S/N Mz. E Lt. 6A
150732|LIMA|HUAROCHIRÍ|SURCO|MUNICIPALIDAD DISTRITAL DE SURCO|Jr. Francisco Bolognesi S/N
150801|LIMA|HUAURA|HUACHO|MUNICIPALIDAD PROVINCIAL DE HUACHO|Calle Colón N° 150 - Plaza de Armas
150802|LIMA|HUAURA|AMBAR|MUNICIPALIDAD DISTRITAL DE AMBAR|Jr. Sucre N° 255 - Plaza de Armas
150803|LIMA|HUAURA|CALETA DE CARQUÍN|MUNICIPALIDAD DISTRITAL DE CALETA DE CARQUÍN|Plazuela San Martín S/N
150804|LIMA|HUAURA|CHECRAS|MUNICIPALIDAD DISTRITAL DE CHECRAS|Plaza de Armas S/N
150805|LIMA|HUAURA|HUALMAY|MUNICIPALIDAD DISTRITAL DE HUALMAY|Av. Domingo Mandamiento Sipán N° 710
150806|LIMA|HUAURA|HUAURA|MUNICIPALIDAD DISTRITAL DE HUAURA|Plaza de Armas S/N
150807|LIMA|HUAURA|LEONCIO PRADO|MUNICIPALIDAD DISTRITAL DE LEONCIO PRADO|Plaza de Armas S/N
150808|LIMA|HUAURA|PACCHO|MUNICIPALIDAD DISTRITAL DE PACCHO|Plaza de Armas S/N
150809|LIMA|HUAURA|SANTA LEONOR|MUNICIPALIDAD DISTRITAL DE SANTA LEONOR|Plaza de Armas S/N
150810|LIMA|HUAURA|SANTA MARÍA|MUNICIPALIDAD DISTRITAL DE SANTA MARÍA|Av. Cruz Blanca N° 2006
150811|LIMA|HUAURA|SAYÁN|MUNICIPALIDAD DISTRITAL DE SAYÁN|Plaza de Armas Sur S/N
150812|LIMA|HUAURA|VEGUETA|MUNICIPALIDAD DISTRITAL DE VEGUETA|Calle Tarapacá N° 101
150901|LIMA|OYÓN|OYÓN|MUNICIPALIDAD PROVINCIAL DE OYÓN|Plaza de Armas N° 102
150902|LIMA|OYÓN|ANDAJES|MUNICIPALIDAD DISTRITAL DE ANDAJES|Plaza de Armas S/N
150903|LIMA|OYÓN|CAUJUL|MUNICIPALIDAD DISTRITAL DE CAUJUL|Av. Cajatambo S/N - Plaza de Armas
150904|LIMA|OYÓN|COCHAMARCA|MUNICIPALIDAD DISTRITAL DE COCHAMARCA|Plaza de Armas S/N
150905|LIMA|OYÓN|NAVÁN|MUNICIPALIDAD DISTRITAL DE NAVÁN|Av. Arica S/N
150906|LIMA|OYÓN|PACHANGARA|MUNICIPALIDAD DISTRITAL DE PACHANGARA|Av. Víctor Larco Herrera N° 281
151001|LIMA|YAUYOS|YAUYOS|MUNICIPALIDAD PROVINCIAL DE YAUYOS|Plaza Constitución N° 100 Mz. 27 Lt. 4
151002|LIMA|YAUYOS|ALIS|MUNICIPALIDAD DISTRITAL DE ALIS|Calle Virgen de la Asunción S/N - Plaza de Armas
151003|LIMA|YAUYOS|ALLAUCA|MUNICIPALIDAD DISTRITAL DE ALLAUCA|Calle Lima S/N
151004|LIMA|YAUYOS|AYAVIRI|MUNICIPALIDAD DISTRITAL DE AYAVIRI|Jr. Tahuantinsuyo N° 380 Mz. D Lt. 18
151005|LIMA|YAUYOS|AZÁNGARO|MUNICIPALIDAD DISTRITAL DE AZÁNGARO|Plaza de Armas S/N
151006|LIMA|YAUYOS|CACRA|MUNICIPALIDAD DISTRITAL DE CACRA|Plaza de Armas S/N
151007|LIMA|YAUYOS|CARANIA|MUNICIPALIDAD DISTRITAL DE CARANIA|Plaza Principal S/N
151008|LIMA|YAUYOS|CATAHUASI|MUNICIPALIDAD DISTRITAL DE CATAHUASI|Av. Manuel Gonzales Prada S/N - Plaza de Armas
151009|LIMA|YAUYOS|CHOCOS|MUNICIPALIDAD DISTRITAL DE CHOCOS|Plaza de Armas S/N
151010|LIMA|YAUYOS|COCHAS|MUNICIPALIDAD DISTRITAL DE COCHAS|Plaza de Armas S/N
151011|LIMA|YAUYOS|COLONIA|MUNICIPALIDAD DISTRITAL DE COLONIA|Av. Huancarcocha S/N
151012|LIMA|YAUYOS|HONGOS|MUNICIPALIDAD DISTRITAL DE HONGOS|Plaza de Armas S/N
151013|LIMA|YAUYOS|HUAMPARA|MUNICIPALIDAD DISTRITAL DE HUAMPARA|Plaza de Armas N° 120
151014|LIMA|YAUYOS|HUANCAYA|MUNICIPALIDAD DISTRITAL DE HUANCAYA|Calle Ciro Napanga Agüero N° 109 - Plaza de Armas
151015|LIMA|YAUYOS|HUANGASCAR|MUNICIPALIDAD DISTRITAL DE HUANGASCAR|Plaza de Armas N° 180
151016|LIMA|YAUYOS|HUANTAN|MUNICIPALIDAD DISTRITAL DE HUANTAN|Plaza de Armas S/N
151017|LIMA|YAUYOS|HUAÑEC|MUNICIPALIDAD DISTRITAL DE HUAÑEC|Plaza de Armas S/N
151018|LIMA|YAUYOS|LARAOS|MUNICIPALIDAD DISTRITAL DE LARAOS|Plaza Principal S/N
151019|LIMA|YAUYOS|LINCHA|MUNICIPALIDAD DISTRITAL DE LINCHA|Calle Lima N° 110
151020|LIMA|YAUYOS|MADEAN|MUNICIPALIDAD DISTRITAL DE MADEAN|Calle San Antonio de Padua N° 332 - Plaza de Armas
151021|LIMA|YAUYOS|MIRAFLORES|MUNICIPALIDAD DISTRITAL DE MIRAFLORES|Plaza Principal S/N
151022|LIMA|YAUYOS|OMAS|MUNICIPALIDAD DISTRITAL DE OMAS|Plaza de Armas S/N
151023|LIMA|YAUYOS|PUTINZA|MUNICIPALIDAD DISTRITAL DE PUTINZA|Plaza de Armas N° 100
151024|LIMA|YAUYOS|QUINCHES|MUNICIPALIDAD DISTRITAL DE QUINCHES|Jr. Unión S/N - Plaza de Armas
151025|LIMA|YAUYOS|QUINOCAY|MUNICIPALIDAD DISTRITAL DE QUINOCAY|Plaza de Armas S/N
151026|LIMA|YAUYOS|SAN JOAQUÍN|MUNICIPALIDAD DISTRITAL DE SAN JOAQUÍN|Plaza de Armas S/N
151027|LIMA|YAUYOS|SAN PEDRO DE PILAS|MUNICIPALIDAD DISTRITAL DE SAN PEDRO DE PILAS|Calle Mariscal Sucre S/N Mz. B Lt. 1 - Plaza de Armas
151028|LIMA|YAUYOS|TANTA|MUNICIPALIDAD DISTRITAL DE TANTA|Plaza de Armas S/N
151029|LIMA|YAUYOS|TAURIPAMPA|MUNICIPALIDAD DISTRITAL DE TAURIPAMPA|Plaza de Armas S/N
151030|LIMA|YAUYOS|TOMÁS|MUNICIPALIDAD DISTRITAL DE TOMÁS|Plaza de Armas S/N
151031|LIMA|YAUYOS|TUPE|MUNICIPALIDAD DISTRITAL DE TUPE|Plaza de Armas S/N
151032|LIMA|YAUYOS|VIÑAC|MUNICIPALIDAD DISTRITAL DE VIÑAC|Calle Ayacucho S/N
151033|LIMA|YAUYOS|VITIS|MUNICIPALIDAD DISTRITAL DE VITIS|Plaza Principal S/N
160101|LORETO|MAYNAS|IQUITOS|MUNICIPALIDAD PROVINCIAL DE IQUITOS|Jr. Rufino Echenique N° 350
160102|LORETO|MAYNAS|ALTO NANAY|MUNICIPALIDAD DISTRITAL DE ALTO NANAY|Calle Pedro Isuiza S/N
160103|LORETO|MAYNAS|FERNANDO LORES|MUNICIPALIDAD DISTRITAL DE FERNANDO LORES|Calle Alaiza Paz Soldán N° 121 - Plaza de Armas
160104|LORETO|MAYNAS|INDIANA|MUNICIPALIDAD DISTRITAL DE INDIANA|Calle Cardo Franco N° 144
160105|LORETO|MAYNAS|LAS AMAZONAS|MUNICIPALIDAD DISTRITAL DE LAS AMAZONAS|Calle Iquitos S/N
160106|LORETO|MAYNAS|MAZAN|MUNICIPALIDAD DISTRITAL DE MAZAN|Plaza de Armas N° 100
160107|LORETO|MAYNAS|NAPO|MUNICIPALIDAD DISTRITAL DE NAPO|Calle Patricio Mosquera S/N
160108|LORETO|MAYNAS|PUNCHANA|MUNICIPALIDAD DISTRITAL DE PUNCHANA|Av. La Marina N° 719
160110|LORETO|MAYNAS|TORRES CAUSANA|MUNICIPALIDAD DISTRITAL DE TORRES CAUSANA|Calle Miraflores S/N
160112|LORETO|MAYNAS|BELÉN|MUNICIPALIDAD DISTRITAL DE BELÉN|Calle Miraflores S/N
160113|LORETO|MAYNAS|SAN JUAN BAUTISTA|MUNICIPALIDAD DISTRITAL DE SAN JUAN BAUTISTA|Av. Abelardo Quiñones N° 2371
160201|LORETO|ALTO AMAZONAS|YURIMAGUAS|MUNICIPALIDAD PROVINCIAL DE YURIMAGUAS|Plaza de Armas N° 114
160202|LORETO|ALTO AMAZONAS|BALSAPUERTO|MUNICIPALIDAD DISTRITAL DE BALSAPUERTO|Calle Román Villa N° 214
160205|LORETO|ALTO AMAZONAS|JEBEROS|MUNICIPALIDAD DISTRITAL DE JEBEROS|Calle Bolívar S/N
160206|LORETO|ALTO AMAZONAS|LAGUNAS|MUNICIPALIDAD DISTRITAL DE LAGUNAS|Calle Juan Vásquez N° 233
160210|LORETO|ALTO AMAZONAS|SANTA CRUZ|MUNICIPALIDAD DISTRITAL DE SANTA CRUZ|Plaza de Armas S/N
160211|LORETO|ALTO AMAZONAS|TENIENTE CÉSAR LÓPEZ ROJAS|MUNICIPALIDAD DISTRITAL DE TENIENTE CÉSAR LÓPEZ ROJAS|Calle Teniente César Lopez Rojas S/N
160301|LORETO|LORETO|NAUTA|MUNICIPALIDAD PROVINCIAL DE NAUTA|Calle Manuel Pacaya S/N
160302|LORETO|LORETO|PARINARI|MUNICIPALIDAD DISTRITAL DE PARINARI|Calle Juan Murrieta Rengifo S/N - Plaza de Armas
160303|LORETO|LORETO|TIGRE|MUNICIPALIDAD DISTRITAL DE TIGRE|Calle Luque Herrera S/N
160304|LORETO|LORETO|TROMPETEROS|MUNICIPALIDAD DISTRITAL DE TROMPETEROS|Calle Alan García S/N
160305|LORETO|LORETO|URARINAS|MUNICIPALIDAD DISTRITAL DE URARINAS|Av. Topal S/N
160401|LORETO|MARISCAL RAMÓN|RAMÓN CASTILLA|MUNICIPALIDAD PROVINCIAL DE RAMÓN CASTILLA|Calle Ayacucho S/N
160402|LORETO|MARISCAL RAMÓN|PEBAS|MUNICIPALIDAD DISTRITAL DE PEBAS|Plaza de Armas S/N
160403|LORETO|MARISCAL RAMÓN|YAVARI|MUNICIPALIDAD DISTRITAL DE YAVARI|Calle Jerusalén S/N
160404|LORETO|MARISCAL RAMÓN|SAN PABLO|MUNICIPALIDAD DISTRITAL DE SAN PABLO|Calle Marie Bernard S/N - Plaza Mártires
160501|LORETO|REQUENA|REQUENA|MUNICIPALIDAD PROVINCIAL DE REQUENA|Calle San Francisco N° 138 Mz. 142
160502|LORETO|REQUENA|ALTO TAPICHE|MUNICIPALIDAD DISTRITAL DE ALTO TAPICHE|Calle San José N° 141
160503|LORETO|REQUENA|CAPELO|MUNICIPALIDAD DISTRITAL DE CAPELO|Calle María Inmaculada N° 120 Mz. 4 Lt. 14 Km. 1
160504|LORETO|REQUENA|EMILIO SAN MARTÍN|MUNICIPALIDAD DISTRITAL DE EMILIO SAN MARTÍN|Av. Sargento Lores S/N
160505|LORETO|REQUENA|MAQUIA|MUNICIPALIDAD DISTRITAL DE MAQUIA|Av. Talara S/N
160506|LORETO|REQUENA|PUINAHUA|MUNICIPALIDAD DISTRITAL DE PUINAHUA|Calle Bretaña S/N
160507|LORETO|REQUENA|SAQUENA|MUNICIPALIDAD DISTRITAL DE SAQUENA|Calle San Martín S/N - Plaza de Armas
160508|LORETO|REQUENA|SOPLIN|MUNICIPALIDAD DISTRITAL DE SOPLIN|Calle Pablo Rossel N° 466
160509|LORETO|REQUENA|TAPICHE|MUNICIPALIDAD DISTRITAL DE TAPICHE|Calle Ramón Castilla S/N
160510|LORETO|REQUENA|JENARO HERRERA|MUNICIPALIDAD DISTRITAL DE JENARO HERRERA|Calle Luis Felipe Morey S/N
160511|LORETO|REQUENA|YAQUERANA|MUNICIPALIDAD DISTRITAL DE YAQUERANA|Calle 28 de Julio N° 321
160601|LORETO|UCAYALI|CONTAMANA|MUNICIPALIDAD PROVINCIAL DE CONTAMANA|Calle Amazonas N° 315
160602|LORETO|UCAYALI|INAHUAYA|MUNICIPALIDAD DISTRITAL DE INAHUAYA|Jr. Libertad S/N con Jr. Independencia S/N
160603|LORETO|UCAYALI|PADRE MÁRQUEZ|MUNICIPALIDAD DISTRITAL DE PADRE MÁRQUEZ|Calle 28 de Julio S/N
160604|LORETO|UCAYALI|PAMPA HERMOSA|MUNICIPALIDAD DISTRITAL DE PAMPA HERMOSA|Calle Bolognesi N° 202
160605|LORETO|UCAYALI|SARAYACU|MUNICIPALIDAD DISTRITAL DE SARAYACU|Jr. Antolín Cambero Pastor Mz. 9 Lt. 8 - Dos de Mayo
160606|LORETO|UCAYALI|VARGAS GUERRA|MUNICIPALIDAD DISTRITAL DE VARGAS GUERRA|Jr. Dos de Mayo S/N
160701|LORETO|DATEM DEL MARAÑON|BARRANCA|MUNICIPALIDAD PROVINCIAL DE BARRANCA|Calle Tigre N° 249
160702|LORETO|DATEM DEL MARAÑON|CAHUAPANAS|MUNICIPALIDAD DISTRITAL DE CAHUAPANAS|Calle 28 de Julio N° 280
160703|LORETO|DATEM DEL MARAÑON|MANSERICHE|MUNICIPALIDAD DISTRITAL DE MANSERICHE|Calle Loreto S/N
160704|LORETO|DATEM DEL MARAÑON|MORONA|MUNICIPALIDAD DISTRITAL DE MORONA|Av. Progreso S/N - Puerto Alegría
160705|LORETO|DATEM DEL MARAÑON|PASTAZA|MUNICIPALIDAD DISTRITAL DE PASTAZA|Calle Alipio Ponce S/N - Plaza de Armas
160706|LORETO|DATEM DEL MARAÑON|ANDOAS|MUNICIPALIDAD DISTRITAL DE ANDOAS|Plaza de Armas S/N
160801|LORETO|PUTUMAYO|PUTUMAYO|MUNICIPALIDAD PROVINCIAL DE PUTUMAYO|Calle Arequipa S/N
160802|LORETO|PUTUMAYO|ROSA PANDURO|MUNICIPALIDAD DISTRITAL DE ROSA PANDURO|Calle Bellasol S/N Mz. E Lt. 28
160803|LORETO|PUTUMAYO|TENIENTE MANUEL CLAVERO|MUNICIPALIDAD DISTRITAL DE TENIENTE MANUEL CLAVERO|Calle Las Flores S/N
160804|LORETO|PUTUMAYO|YAGUAS|MUNICIPALIDAD DISTRITAL DE YAGUAS|Calle Ollanta Humala S/N
170101|MADRE DE DIOS|TAMBOPATA|TAMBOPATA|MUNICIPALIDAD PROVINCIAL DE TAMBOPATA|Av. León Velarde N° 230 Mz. 1
170102|MADRE DE DIOS|TAMBOPATA|INAMBARI|MUNICIPALIDAD DISTRITAL DE INAMBARI|Jr. Ramón Castilla S/N Km. 262
170103|MADRE DE DIOS|TAMBOPATA|LAS PIEDRAS|MUNICIPALIDAD DISTRITAL DE LAS PIEDRAS|Jr. Quintín Granados S/N Mz. I Lt. 2 Km. 40 - Plaza de Armas
170104|MADRE DE DIOS|TAMBOPATA|LABERINTO|MUNICIPALIDAD DISTRITAL DE LABERINTO|Pasaje Manu S/N
170201|MADRE DE DIOS|MANU|MANU|MUNICIPALIDAD PROVINCIAL DE MANU|Jr. Salvación S/N Mz. 1
170202|MADRE DE DIOS|MANU|FITZCARRALD|MUNICIPALIDAD DISTRITAL DE FITZCARRALD|Jr. Boca Manu S/N
170203|MADRE DE DIOS|MANU|MADRE DE DIOS|MUNICIPALIDAD DISTRITAL DE MADRE DE DIOS|Av. Madre de Dios S/N Mz. C Lt. 4
170204|MADRE DE DIOS|MANU|HUEPETUHE|MUNICIPALIDAD DISTRITAL DE HUEPETUHE|Av. Huepetuhe N° 1 Mz. K Lt. 2
170301|MADRE DE DIOS|TAHUAMANU|IÑAPARI|MUNICIPALIDAD PROVINCIAL DE IÑAPARI|Jr. Brasil N° 281 Mz. E Lt. 8
170302|MADRE DE DIOS|TAHUAMANU|IBERIA|MUNICIPALIDAD DISTRITAL DE IBERIA|Av. Máximo Rodríguez N° 124 Mz. Y1 Lt. 4
170303|MADRE DE DIOS|TAHUAMANU|TAHUAMANU|MUNICIPALIDAD DISTRITAL DE TAHUAMANU|Carretera Interoceánica S/N
180101|MOQUEGUA|MARISCAL NIETO|MOQUEGUA|MUNICIPALIDAD PROVINCIAL DE MOQUEGUA|Calle Áncash N° 275
180102|MOQUEGUA|MARISCAL NIETO|CARUMAS|MUNICIPALIDAD DISTRITAL DE CARUMAS|Calle Carumas S/N
180103|MOQUEGUA|MARISCAL NIETO|CUCHUMBAYA|MUNICIPALIDAD DISTRITAL DE CUCHUMBAYA|Calle Arequipa N° 444
180104|MOQUEGUA|MARISCAL NIETO|SAMEGUA|MUNICIPALIDAD DISTRITAL DE SAMEGUA|Av. Emancipación S/N
180105|MOQUEGUA|MARISCAL NIETO|SAN CRISTÓBAL|MUNICIPALIDAD DISTRITAL DE SAN CRISTÓBAL|Calle Lima S/N - Frente a La Plaza Calacoa
180106|MOQUEGUA|MARISCAL NIETO|TORATA|MUNICIPALIDAD DISTRITAL DE TORATA|Calle Torata N° 53
180107|MOQUEGUA|MARISCAL NIETO|SAN ANTONIO|MUNICIPALIDAD DISTRITAL DE SAN ANTONIO|Av. Central S/N Mz. D Lt. 4
180201|MOQUEGUA|GENERAL SÁNCHEZ CERRO|OMATE|MUNICIPALIDAD PROVINCIAL DE OMATE|Calle Grau N° 101
180202|MOQUEGUA|GENERAL SÁNCHEZ CERRO|CHOJATA|MUNICIPALIDAD DISTRITAL DE CHOJATA|Calle Tacna N° 100
180203|MOQUEGUA|GENERAL SÁNCHEZ CERRO|COALAQUE|MUNICIPALIDAD DISTRITAL DE COALAQUE|Calle Los Laureles S/N
180204|MOQUEGUA|GENERAL SÁNCHEZ CERRO|ICHUÑA|MUNICIPALIDAD DISTRITAL DE ICHUÑA|Calle 2 de Enero S/N - Plaza de Armas
180205|MOQUEGUA|GENERAL SÁNCHEZ CERRO|LA CAPILLA|MUNICIPALIDAD DISTRITAL DE LA CAPILLA|Plaza de Armas S/N
180206|MOQUEGUA|GENERAL SÁNCHEZ CERRO|LLOQUE|MUNICIPALIDAD DISTRITAL DE LLOQUE|Plaza de Armas S/N
180207|MOQUEGUA|GENERAL SÁNCHEZ CERRO|MATALAQUE|MUNICIPALIDAD DISTRITAL DE MATALAQUE|Calle Independencia S/N
180208|MOQUEGUA|GENERAL SÁNCHEZ CERRO|PUQUINA|MUNICIPALIDAD DISTRITAL DE PUQUINA|Plaza de Armas S/N
180209|MOQUEGUA|GENERAL SÁNCHEZ CERRO|QUINISTAQUILLAS|MUNICIPALIDAD DISTRITAL DE QUINISTAQUILLAS|Calle Cruz Verde N° 1 Mz. G Lt. 10 Km. 1
180210|MOQUEGUA|GENERAL SÁNCHEZ CERRO|UBINAS|MUNICIPALIDAD DISTRITAL DE UBINAS|Calle Bolognesi S/N - Plaza de Armas
180211|MOQUEGUA|GENERAL SÁNCHEZ CERRO|YUNGA|MUNICIPALIDAD DISTRITAL DE YUNGA|Calle Moquegua S/N
180301|MOQUEGUA|ILO|ILO|MUNICIPALIDAD PROVINCIAL DE ILO|Malecón Costero Miramar Nº 1200 - 1202
180302|MOQUEGUA|ILO|EL ALGARROBAL|MUNICIPALIDAD DISTRITAL DE EL ALGARROBAL|Carretera El Algarrobal S/N
180303|MOQUEGUA|ILO|PACOCHA|MUNICIPALIDAD DISTRITAL DE PACOCHA|Av. Ingeniería N° 2 Mz. C Lt. SC
190101|PASCO|PASCO|CHAUPIMARCA|MUNICIPALIDAD PROVINCIAL DE CHAUPIMARCA|Plazuela Municipal
190102|PASCO|PASCO|HUACHÓN|MUNICIPALIDAD DISTRITAL DE HUACHÓN|Plaza Principal S/N
190103|PASCO|PASCO|HUARIACA|MUNICIPALIDAD DISTRITAL DE HUARIACA|Jr. 28 de Julio N° 129
190104|PASCO|PASCO|HUAYLLAY|MUNICIPALIDAD DISTRITAL DE HUAYLLAY|Plaza Principal S/N
190105|PASCO|PASCO|NINACACA|MUNICIPALIDAD DISTRITAL DE NINACACA|Jr. Mariscal Castilla S/N Mz. 38 Lt. 9
190106|PASCO|PASCO|PALLANCHACRA|MUNICIPALIDAD DISTRITAL DE PALLANCHACRA|Jr. Parque Carrión N° 105 Mz. U Lt. 3 Km. 38
190107|PASCO|PASCO|PAUCARTAMBO|MUNICIPALIDAD DISTRITAL DE PAUCARTAMBO|Plaza 28 de Julio S/N
190108|PASCO|PASCO|SAN FRANCISCO DE ASÍS DE YARUSYACÁN|MUNICIPALIDAD DISTRITAL DE SAN FRANCISCO DE ASÍS DE YARUSYACÁN|Plaza Principal S/N
190109|PASCO|PASCO|SIMÓN BOLÍVAR|MUNICIPALIDAD DISTRITAL DE SIMÓN BOLÍVAR|Av. Simón Bolívar N° 106
190110|PASCO|PASCO|TICLACAYAN|MUNICIPALIDAD DISTRITAL DE TICLACAYAN|Plaza Principal S/N
190111|PASCO|PASCO|TINYAHUARCO|MUNICIPALIDAD DISTRITAL DE TINYAHUARCO|Jr. Morales Janampa S/N - Plaza Principal
190112|PASCO|PASCO|VICCO|MUNICIPALIDAD DISTRITAL DE VICCO|Plaza de Armas N° 110
190113|PASCO|PASCO|YANACANCHA|MUNICIPALIDAD DISTRITAL DE YANACANCHA|Av. Las Américas S/N
190201|PASCO|DANIEL ALCIDES CARRIÓN|YANAHUANCA|MUNICIPALIDAD PROVINCIAL DE YANAHUANCA|Jr. Jorge Chávez S/N
190202|PASCO|DANIEL ALCIDES CARRIÓN|CHACAYAN|MUNICIPALIDAD DISTRITAL DE CHACAYAN|Calle La Libertad S/N - Edif. Estatal N°1
190203|PASCO|DANIEL ALCIDES CARRIÓN|GOYLLARISQUIZGA|MUNICIPALIDAD DISTRITAL DE GOYLLARISQUIZGA|Av. 27 de Noviembre S/N
190204|PASCO|DANIEL ALCIDES CARRIÓN|PAUCAR|MUNICIPALIDAD DISTRITAL DE PAUCAR|Av. 28 de Julio S/N
190205|PASCO|DANIEL ALCIDES CARRIÓN|SAN PEDRO DE PILLAO|MUNICIPALIDAD DISTRITAL DE SAN PEDRO DE PILLAO|Calle Lima S/N - Plaza Principal
190206|PASCO|DANIEL ALCIDES CARRIÓN|SANTA ANA DE TUSI|MUNICIPALIDAD DISTRITAL DE SANTA ANA DE TUSI|Plaza Principal S/N
190207|PASCO|DANIEL ALCIDES CARRIÓN|TAPUC|MUNICIPALIDAD DISTRITAL DE TAPUC|Jr. Oscar Benavides S/N
190208|PASCO|DANIEL ALCIDES CARRIÓN|VILCABAMBA|MUNICIPALIDAD DISTRITAL DE VILCABAMBA|Jr. Los Héroes N° 116
190301|PASCO|OXAPAMPA|OXAPAMPA|MUNICIPALIDAD PROVINCIAL DE OXAPAMPA|Jr. Grau N° 302
190302|PASCO|OXAPAMPA|CHONTABAMBA|MUNICIPALIDAD DISTRITAL DE CHONTABAMBA|Jr. Joseph Walijeweski N° 201 - Plaza de Armas
190303|PASCO|OXAPAMPA|HUANCABAMBA|MUNICIPALIDAD DISTRITAL DE HUANCABAMBA|Av. Las Palmeras S/N
190304|PASCO|OXAPAMPA|PALCAZU|MUNICIPALIDAD DISTRITAL DE PALCAZU|Av. Julio Shitabori N° 512
190305|PASCO|OXAPAMPA|POZUZO|MUNICIPALIDAD DISTRITAL DE POZUZO|Av. Los Colonos S/N
190306|PASCO|OXAPAMPA|PUERTO BERMÚDEZ|MUNICIPALIDAD DISTRITAL DE PUERTO BERMÚDEZ|Av. Capitán Larry S/N
190307|PASCO|OXAPAMPA|VILLA RICA|MUNICIPALIDAD DISTRITAL DE VILLA RICA|Jr. Cooperativa N° 224
190308|PASCO|OXAPAMPA|CONSTITUCIÓN|MUNICIPALIDAD DISTRITAL DE CONSTITUCIÓN|Av. Fernando Belaúnde Terry S/N - 4ta Etapa
200101|PIURA|PIURA|PIURA|MUNICIPALIDAD PROVINCIAL DE PIURA|Jr. Ayacucho N° 377
200104|PIURA|PIURA|CASTILLA|MUNICIPALIDAD DISTRITAL DE CASTILLA|Jr. Ayacucho N° 414
200105|PIURA|PIURA|CATACAOS|MUNICIPALIDAD DISTRITAL DE CATACAOS|Calle Comercio N° 540
200107|PIURA|PIURA|CURA MORI|MUNICIPALIDAD DISTRITAL DE CURA MORI|Jr. Sullana N° 500 Mz. D-2 Lt. 5
200108|PIURA|PIURA|EL TALLÁN|MUNICIPALIDAD DISTRITAL DE EL TALLÁN|Calle San Luis S/N Mz. 9 Lt. 16
200109|PIURA|PIURA|LA ARENA|MUNICIPALIDAD DISTRITAL DE LA ARENA|Jr. Arequipa N° 409
200110|PIURA|PIURA|LA UNIÓN|MUNICIPALIDAD DISTRITAL DE LA UNIÓN|Calle Chepa Santos N° 701
200111|PIURA|PIURA|LAS LOMAS|MUNICIPALIDAD DISTRITAL DE LAS LOMAS|Jr. Miguel Grau N° 374
200114|PIURA|PIURA|TAMBO GRANDE|MUNICIPALIDAD DISTRITAL DE TAMBO GRANDE|Jr. Ramón Castilla N° 449 Mz. 50 Lt. 10
200115|PIURA|PIURA|VEINTISÉIS DE OCTUBRE|MUNICIPALIDAD DISTRITAL DE VEINTISÉIS DE OCTUBRE|Av. Prolongación Grau N° 190 Mz. C Lt. 19
200201|PIURA|AYABACA|AYABACA|MUNICIPALIDAD PROVINCIAL DE AYABACA|Calle Salaverry N° 260
200202|PIURA|AYABACA|FRÍAS|MUNICIPALIDAD DISTRITAL DE FRÍAS|Calle Lima N° 234
200203|PIURA|AYABACA|JILILI|MUNICIPALIDAD DISTRITAL DE JILILI|Plaza de Armas N° 107
200204|PIURA|AYABACA|LAGUNAS|MUNICIPALIDAD DISTRITAL DE LAGUNAS|Calle Ernesto Merino Rivera S/N Mz. 2 Lt. 5
200205|PIURA|AYABACA|MONTERO|MUNICIPALIDAD DISTRITAL DE MONTERO|Jr. Ernesto Merino N° 152
200206|PIURA|AYABACA|PACAIPAMPA|MUNICIPALIDAD DISTRITAL DE PACAIPAMPA|Calle Unión S/N Mz. F Lt. 28
200207|PIURA|AYABACA|PAIMAS|MUNICIPALIDAD DISTRITAL DE PAIMAS|Av. Miguel Grau N° 320
200208|PIURA|AYABACA|SAPILLICA|MUNICIPALIDAD DISTRITAL DE SAPILLICA|Av. Ernesto Merino S/N Mz. A Lt. 1
200209|PIURA|AYABACA|SICCHEZ|MUNICIPALIDAD DISTRITAL DE SICCHEZ|Calle Bolognesi S/N
200210|PIURA|AYABACA|SUYO|MUNICIPALIDAD DISTRITAL DE SUYO|Jr. Leoncio Prado S/N
200301|PIURA|HUANCABAMBA|HUANCABAMBA|MUNICIPALIDAD PROVINCIAL DE HUANCABAMBA|Calle General Medina N° 110
200302|PIURA|HUANCABAMBA|CANCHAQUE|MUNICIPALIDAD DISTRITAL DE CANCHAQUE|Jr. Bolognesi S/N con Jr. San Martín S/N
200303|PIURA|HUANCABAMBA|EL CARMEN DE LA FRONTERA|MUNICIPALIDAD DISTRITAL DE EL CARMEN DE LA FRONTERA|Plaza de Armas Sapalache S/N
200304|PIURA|HUANCABAMBA|HUARMACA|MUNICIPALIDAD DISTRITAL DE HUARMACA|Jr. Grau S/N
200305|PIURA|HUANCABAMBA|LALAQUIZ|MUNICIPALIDAD DISTRITAL DE LALAQUIZ|Av. Principal Tunal S/N
200306|PIURA|HUANCABAMBA|SAN MIGUEL DE EL FAIQUE|MUNICIPALIDAD DISTRITAL DE SAN MIGUEL DE EL FAIQUE|Jr. Jacinto Pongo N° 156
200307|PIURA|HUANCABAMBA|SONDOR|MUNICIPALIDAD DISTRITAL DE SONDOR|Calle Progreso N° 209
200308|PIURA|HUANCABAMBA|SONDORILLO|MUNICIPALIDAD DISTRITAL DE SONDORILLO|Jr. San Juan N° 109
200401|PIURA|MORROPÓN|CHULUCANAS|MUNICIPALIDAD PROVINCIAL DE CHULUCANAS|Jr. Cuzco N° 421
200402|PIURA|MORROPÓN|BUENOS AIRES|MUNICIPALIDAD DISTRITAL DE BUENOS AIRES|Av. Miguel Grau N° 576
200403|PIURA|MORROPÓN|CHALACO|MUNICIPALIDAD DISTRITAL DE CHALACO|Calle Simón Bolívar N° 204
200404|PIURA|MORROPÓN|LA MATANZA|MUNICIPALIDAD DISTRITAL DE LA MATANZA|Jr. Mariscal Sucre S/N Mz. 84 Lt. 1
200405|PIURA|MORROPÓN|MORROPÓN|MUNICIPALIDAD DISTRITAL DE MORROPÓN|Calle Lima N° 808
200406|PIURA|MORROPÓN|SALITRAL|MUNICIPALIDAD DISTRITAL DE SALITRAL|Av. 29 de Setiembre N° 201
200407|PIURA|MORROPÓN|SAN JUAN DE BIGOTE|MUNICIPALIDAD DISTRITAL DE SAN JUAN DE BIGOTE|Calle Manuel Seoane N° 111 Mz. 37 Lt. 1
200408|PIURA|MORROPÓN|SANTA CATALINA DE MOSSA|MUNICIPALIDAD DISTRITAL DE SANTA CATALINA DE MOSSA|Av. Ramón Castilla N° 371
200409|PIURA|MORROPÓN|SANTO DOMINGO|MUNICIPALIDAD DISTRITAL DE SANTO DOMINGO|Calle Lima N° 115 Mz. 26 Lt. 3
200410|PIURA|MORROPÓN|YAMANGO|MUNICIPALIDAD DISTRITAL DE YAMANGO|Calle Néstor López S/N
200501|PIURA|PAITA|PAITA|MUNICIPALIDAD PROVINCIAL DE PAITA|Plaza de Armas S/N
200502|PIURA|PAITA|AMOTAPE|MUNICIPALIDAD DISTRITAL DE AMOTAPE|Plaza de Armas S/N
200503|PIURA|PAITA|ARENAL|MUNICIPALIDAD DISTRITAL DE ARENAL|Plaza de Armas S/N
200504|PIURA|PAITA|COLAN|MUNICIPALIDAD DISTRITAL DE COLAN|Jr. Bolívar N° 302
200505|PIURA|PAITA|LA HUACA|MUNICIPALIDAD DISTRITAL DE LA HUACA|Calle Espinar S/N Lt. 1
200506|PIURA|PAITA|TAMARINDO|MUNICIPALIDAD DISTRITAL DE TAMARINDO|Plaza de Armas S/N
200507|PIURA|PAITA|VICHAYAL|MUNICIPALIDAD DISTRITAL DE VICHAYAL|Calle Marical Castilla N° 106
200601|PIURA|SULLANA|SULLANA|MUNICIPALIDAD PROVINCIAL DE SULLANA|Calle Bolívar N° 160
200602|PIURA|SULLANA|BELLAVISTA|MUNICIPALIDAD DISTRITAL DE BELLAVISTA|Calle Morropón N° 500
200603|PIURA|SULLANA|IGNACIO ESCUDERO|MUNICIPALIDAD DISTRITAL DE IGNACIO ESCUDERO|Jr. Floro Castillo N° 121
200604|PIURA|SULLANA|LANCONES|MUNICIPALIDAD DISTRITAL DE LANCONES|Plaza de Armas S/N
200605|PIURA|SULLANA|MARCAVELICA|MUNICIPALIDAD DISTRITAL DE MARCAVELICA|Plaza Miguel Grau S/N Mz. J Lt. 19
200606|PIURA|SULLANA|MIGUEL CHECA|MUNICIPALIDAD DISTRITAL DE MIGUEL CHECA|Av. Victoria N° 485
200607|PIURA|SULLANA|QUERECOTILLO|MUNICIPALIDAD DISTRITAL DE QUERECOTILLO|Calle Miguel Grau N° 112
200608|PIURA|SULLANA|SALITRAL|MUNICIPALIDAD DISTRITAL DE SALITRAL|Av. 27 de Octubre N° 202 Mz. 20 Lt. 5
200701|PIURA|TALARA|PARIÑAS|MUNICIPALIDAD PROVINCIAL DE PARIÑAS|Av. José Faustino Sánchez Carrión S/N
200702|PIURA|TALARA|EL ALTO|MUNICIPALIDAD DISTRITAL DE EL ALTO|Plaza de Armas S/N
200703|PIURA|TALARA|LA BREA|MUNICIPALIDAD DISTRITAL DE LA BREA|Av. José Gálvez N° 260
200704|PIURA|TALARA|LOBITOS|MUNICIPALIDAD DISTRITAL DE LOBITOS|Av. Nueva Ciudad de Lobitos S/N Mz. A Lt. 2
200705|PIURA|TALARA|LOS ÓRGANOS|MUNICIPALIDAD DISTRITAL DE LOS ÓRGANOS|Av. Panamericana S/N
200706|PIURA|TALARA|MÁNCORA|MUNICIPALIDAD DISTRITAL DE MÁNCORA|Av. Piura N° 532
200801|PIURA|SECHURA|SECHURA|MUNICIPALIDAD PROVINCIAL DE SECHURA|Calle 02 de Mayo N° 618
200802|PIURA|SECHURA|BELLAVISTA DE LA UNIÓN|MUNICIPALIDAD DISTRITAL DE BELLAVISTA DE LA UNIÓN|Av. 15 de Agosto S/N
200803|PIURA|SECHURA|BERNAL|MUNICIPALIDAD DISTRITAL DE BERNAL|Calle Comercio N° 420 Mz. 16 Lt. 4
200804|PIURA|SECHURA|CRISTO NOS VALGA|MUNICIPALIDAD DISTRITAL DE CRISTO NOS VALGA|Calle Dos de Mayo N° 603
200805|PIURA|SECHURA|VICE|MUNICIPALIDAD DISTRITAL DE VICE|Av. Miguel Félix Cerro Guerrero N° 285 Mz. 7 Lt. 11
200806|PIURA|SECHURA|RINCONADA LLICUAR|MUNICIPALIDAD DISTRITAL DE RINCONADA LLICUAR|Av. Perú S/N
210101|PUNO|PUNO|PUNO|MUNICIPALIDAD PROVINCIAL DE PUNO|Jr. Deustua N° 458 - Plaza de Armas
210102|PUNO|PUNO|ACORA|MUNICIPALIDAD DISTRITAL DE ACORA|Jr. Lima N° 439
210103|PUNO|PUNO|AMANTANI|MUNICIPALIDAD DISTRITAL DE AMANTANI|Plaza de Armas S/N
210104|PUNO|PUNO|ATUNCOLLA|MUNICIPALIDAD DISTRITAL DE ATUNCOLLA|Jr. Libertad N° 110 Mz. G Lt. 1 Km. 3 - Plaza de Armas
210105|PUNO|PUNO|CAPACHICA|MUNICIPALIDAD DISTRITAL DE CAPACHICA|Plaza de Armas S/N
210106|PUNO|PUNO|CHUCUITO|MUNICIPALIDAD DISTRITAL DE CHUCUITO|Jr. Pasión N° 515
210107|PUNO|PUNO|COATA|MUNICIPALIDAD DISTRITAL DE COATA|Jr. Manco Cápac S/N Km. 1 - Plaza de Armas
210108|PUNO|PUNO|HUATA|MUNICIPALIDAD DISTRITAL DE HUATA|Jr. Lima N° 119 - Plaza San Martín
210109|PUNO|PUNO|MAÑAZO|MUNICIPALIDAD DISTRITAL DE MAÑAZO|Plaza de Armas S/N
210110|PUNO|PUNO|PAUCARCOLLA|MUNICIPALIDAD DISTRITAL DE PAUCARCOLLA|Plaza de Armas S/N
210111|PUNO|PUNO|PICHACANI|MUNICIPALIDAD DISTRITAL DE PICHACANI|Jr. Túpac Amaru N° 464 Mz. A Lt. 6 Km. 2
210112|PUNO|PUNO|PLATERÍA|MUNICIPALIDAD DISTRITAL DE PLATERÍA|Plaza de Armas S/N
210113|PUNO|PUNO|SAN ANTONIO|MUNICIPALIDAD DISTRITAL DE SAN ANTONIO|Plaza de Armas S/N
210114|PUNO|PUNO|TIQUILLACA|MUNICIPALIDAD DISTRITAL DE TIQUILLACA|Jr. Independencia N° 180
210115|PUNO|PUNO|VILQUE|MUNICIPALIDAD DISTRITAL DE VILQUE|Jr. 11 de Noviembre N° 105
210201|PUNO|AZÁNGARO|AZÁNGARO|MUNICIPALIDAD PROVINCIAL DE AZÁNGARO|Jr. Azángaro N° 160 - Plaza San Bernardo
210202|PUNO|AZÁNGARO|ACHAYA|MUNICIPALIDAD DISTRITAL DE ACHAYA|Plaza de Armas Cercado N° 101
210203|PUNO|AZÁNGARO|ARAPA|MUNICIPALIDAD DISTRITAL DE ARAPA|Jr. Grau S/N - Plaza de Armas
210204|PUNO|AZÁNGARO|ASILLO|MUNICIPALIDAD DISTRITAL DE ASILLO|Plaza de Armas S/N
210205|PUNO|AZÁNGARO|CAMINACA|MUNICIPALIDAD DISTRITAL DE CAMINACA|Jr. 2 de Mayo N° 321 Mz. R7 Lt. 12 Km. 22.4
210206|PUNO|AZÁNGARO|CHUPA|MUNICIPALIDAD DISTRITAL DE CHUPA|Plaza de Armas S/N
210207|PUNO|AZÁNGARO|JOSÉ DOMINGO CHOQUEHUANCA|MUNICIPALIDAD DISTRITAL DE JOSÉ DOMINGO CHOQUEHUANCA|Jr. Pucará S/N
210208|PUNO|AZÁNGARO|MUÑANI|MUNICIPALIDAD DISTRITAL DE MUÑANI|Plaza de Armas S/N
210209|PUNO|AZÁNGARO|POTONI|MUNICIPALIDAD DISTRITAL DE POTONI|Plaza Pedro Vilcapaza S/N
210210|PUNO|AZÁNGARO|SAMAN|MUNICIPALIDAD DISTRITAL DE SAMAN|Jr. Azángaro N° 5 Mz. I Lt. 10 - Plaza de Armas
210211|PUNO|AZÁNGARO|SAN ANTÓN|MUNICIPALIDAD DISTRITAL DE SAN ANTÓN|Av. Túpac Amaru N° 380 Mz. B Lt. 2 Km. 976
210212|PUNO|AZÁNGARO|SAN JOSÉ|MUNICIPALIDAD DISTRITAL DE SAN JOSÉ|Plaza Ramón Castilla S/N
210213|PUNO|AZÁNGARO|SAN JUAN DE SALINAS|MUNICIPALIDAD DISTRITAL DE SAN JUAN DE SALINAS|Jr. 28 de Julio S/N - Plaza de Armas
210214|PUNO|AZÁNGARO|SANTIAGO DE PUPUJA|MUNICIPALIDAD DISTRITAL DE SANTIAGO DE PUPUJA|Jr. Azángaro S/N
210215|PUNO|AZÁNGARO|TIRAPATA|MUNICIPALIDAD DISTRITAL DE TIRAPATA|Plaza de Armas S/N
210301|PUNO|CARABAYA|MACUSANI|MUNICIPALIDAD PROVINCIAL DE MACUSANI|Jr. Plaza 28 de Julio N° 401 Mz. C Lt. 2
210302|PUNO|CARABAYA|AJOYANI|MUNICIPALIDAD DISTRITAL DE AJOYANI|Plaza Manco Cápac S/N Mz. S
210303|PUNO|CARABAYA|AYAPATA|MUNICIPALIDAD DISTRITAL DE AYAPATA|Calle Cusco S/N
210304|PUNO|CARABAYA|COASA|MUNICIPALIDAD DISTRITAL DE COASA|Plaza de La Juventud S/N
210305|PUNO|CARABAYA|CORANI|MUNICIPALIDAD DISTRITAL DE CORANI|Plaza Rosario S/N
210306|PUNO|CARABAYA|CRUCERO|MUNICIPALIDAD DISTRITAL DE CRUCERO|Plaza La Libertad N° 104
210307|PUNO|CARABAYA|ITUATA|MUNICIPALIDAD DISTRITAL DE ITUATA|Plaza de Armas S/N
210308|PUNO|CARABAYA|OLLACHEA|MUNICIPALIDAD DISTRITAL DE OLLACHEA|Plaza de Armas S/N
210309|PUNO|CARABAYA|SAN GABÁN|MUNICIPALIDAD DISTRITAL DE SAN GABÁN|Av. 15 de Octubre S/N - Plaza de Armas
210310|PUNO|CARABAYA|USICAYOS|MUNICIPALIDAD DISTRITAL DE USICAYOS|Plaza Libertad S/N
210401|PUNO|CHUCUITO|JULI|MUNICIPALIDAD PROVINCIAL DE JULI|Jr. Loyola N° 104
210402|PUNO|CHUCUITO|DESAGUADERO|MUNICIPALIDAD DISTRITAL DE DESAGUADERO|Jr. Tahuantinsuyo N° 110
210403|PUNO|CHUCUITO|HUACULLANI|MUNICIPALIDAD DISTRITAL DE HUACULLANI|Jr. 28 de Julio - Plaza de Armas
210404|PUNO|CHUCUITO|KELLUYO|MUNICIPALIDAD DISTRITAL DE KELLUYO|Jr. Túpac Amaru S/N
210405|PUNO|CHUCUITO|PISACOMA|MUNICIPALIDAD DISTRITAL DE PISACOMA|Jr. Cultura S/N - Plaza de Armas
210406|PUNO|CHUCUITO|POMATA|MUNICIPALIDAD DISTRITAL DE POMATA|Av. Lima Norte S/N - Plaza de Armas
210407|PUNO|CHUCUITO|ZEPITA|MUNICIPALIDAD DISTRITAL DE ZEPITA|Jr. Yunguyo S/N Mz. 13G Lt. 1 - Plaza de Armas
210501|PUNO|EL COLLAO|ILAVE|MUNICIPALIDAD PROVINCIAL DE ILAVE|Jr. Independencia N° 210
210502|PUNO|EL COLLAO|CAPAZO|MUNICIPALIDAD DISTRITAL DE CAPAZO|Calle Cercado Túpac Amaru N° 135
210503|PUNO|EL COLLAO|PILCUYO|MUNICIPALIDAD DISTRITAL DE PILCUYO|Jr. Alfonso Ugarte S/N
210504|PUNO|EL COLLAO|SANTA ROSA|MUNICIPALIDAD DISTRITAL DE SANTA ROSA|Jr. 2 de Mayo N° 220 - Plaza de Armas
210505|PUNO|EL COLLAO|CONDURIRI|MUNICIPALIDAD DISTRITAL DE CONDURIRI|Plaza de Armas S/N
210601|PUNO|HUANCANÉ|HUANCANÉ|MUNICIPALIDAD PROVINCIAL DE HUANCANÉ|Plaza de Armas S/N
210602|PUNO|HUANCANÉ|COJATA|MUNICIPALIDAD DISTRITAL DE COJATA|Plaza de Armas S/N
210603|PUNO|HUANCANÉ|HUATASANI|MUNICIPALIDAD DISTRITAL DE HUATASANI|Jr. San Martín N° 351 - Plaza de Armas
210604|PUNO|HUANCANÉ|INCHUPALLA|MUNICIPALIDAD DISTRITAL DE INCHUPALLA|Jr. Puno S/N
210605|PUNO|HUANCANÉ|PUSI|MUNICIPALIDAD DISTRITAL DE PUSI|Plaza de Armas S/N
210606|PUNO|HUANCANÉ|ROSASPATA|MUNICIPALIDAD DISTRITAL DE ROSASPATA|Plaza de Armas S/N
210607|PUNO|HUANCANÉ|TARACO|MUNICIPALIDAD DISTRITAL DE TARACO|Jr. Unión N° 490 - Plaza Grau
210608|PUNO|HUANCANÉ|VILQUE CHICO|MUNICIPALIDAD DISTRITAL DE VILQUE CHICO|Jr. Cojata S/N
210701|PUNO|LAMPA|LAMPA|MUNICIPALIDAD PROVINCIAL DE LAMPA|Plaza de Armas N° 100
210702|PUNO|LAMPA|CABANILLA|MUNICIPALIDAD DISTRITAL DE CABANILLA|Plaza de Armas S/N
210703|PUNO|LAMPA|CALAPUJA|MUNICIPALIDAD DISTRITAL DE CALAPUJA|Plaza de Armas N° 160
210704|PUNO|LAMPA|NICASIO|MUNICIPALIDAD DISTRITAL DE NICASIO|Plaza de Armas S/N
210705|PUNO|LAMPA|OCUVIRI|MUNICIPALIDAD DISTRITAL DE OCUVIRI|Plaza Simón Bolívar N° 101
210706|PUNO|LAMPA|PALCA|MUNICIPALIDAD DISTRITAL DE PALCA|Jr. 3 de Octubre S/N - Plaza de Armas
210707|PUNO|LAMPA|PARATIA|MUNICIPALIDAD DISTRITAL DE PARATIA|Plaza de Armas N° 1
210708|PUNO|LAMPA|PUCARÁ|MUNICIPALIDAD DISTRITAL DE PUCARÁ|Jr. San Román S/N - Plaza Simón Bolívar
210709|PUNO|LAMPA|SANTA LUCÍA|MUNICIPALIDAD DISTRITAL DE SANTA LUCÍA|Plaza de Armas N° 62
210710|PUNO|LAMPA|VILAVILA|MUNICIPALIDAD DISTRITAL DE VILAVILA|Plaza de Armas S/N
210801|PUNO|MELGAR|AYAVIRI|MUNICIPALIDAD PROVINCIAL DE AYAVIRI|Jr. Tacna N° 562
210802|PUNO|MELGAR|ANTAUTA|MUNICIPALIDAD DISTRITAL DE ANTAUTA|Plaza San Martín S/N
210803|PUNO|MELGAR|CUPI|MUNICIPALIDAD DISTRITAL DE CUPI|Plaza Túpac Amaru N° 115
210804|PUNO|MELGAR|LLALLI|MUNICIPALIDAD DISTRITAL DE LLALLI|Plaza Inca Garcilazo de La Vega N° 205
210805|PUNO|MELGAR|MACARI|MUNICIPALIDAD DISTRITAL DE MACARI|Plaza San Martín N° 115
210806|PUNO|MELGAR|NUÑOA|MUNICIPALIDAD DISTRITAL DE NUÑOA|Jr. Alfonso Ugarte N° 218
210807|PUNO|MELGAR|ORURILLO|MUNICIPALIDAD DISTRITAL DE ORURILLO|Jr. Junín N° 1
210808|PUNO|MELGAR|SANTA ROSA|MUNICIPALIDAD DISTRITAL DE SANTA ROSA|Plaza de Armas N° 101
210809|PUNO|MELGAR|UMACHIRI|MUNICIPALIDAD DISTRITAL DE UMACHIRI|Plaza de Armas N° 100
210901|PUNO|MOHO|MOHO|MUNICIPALIDAD PROVINCIAL DE MOHO|Calle Lima N° 133
210902|PUNO|MOHO|CONIMA|MUNICIPALIDAD DISTRITAL DE CONIMA|Plaza de Armas S/N
210903|PUNO|MOHO|HUAYRAPATA|MUNICIPALIDAD DISTRITAL DE HUAYRAPATA|Jr. San Rosa S/N
210904|PUNO|MOHO|TILALI|MUNICIPALIDAD DISTRITAL DE TILALI|Jr. Cultura S/N - Plaza de Armas
211001|PUNO|SAN ANTONIO DE PUTINA|PUTINA|MUNICIPALIDAD PROVINCIAL DE PUTINA|Plaza de Armas N° 108
211002|PUNO|SAN ANTONIO DE PUTINA|ANANEA|MUNICIPALIDAD DISTRITAL DE ANANEA|Plaza Miguel Grau S/N
211003|PUNO|SAN ANTONIO DE PUTINA|PEDRO VILCA APAZA|MUNICIPALIDAD DISTRITAL DE PEDRO VILCA APAZA|Plaza de Armas N° 130
211004|PUNO|SAN ANTONIO DE PUTINA|QUILCAPUNCU|MUNICIPALIDAD DISTRITAL DE QUILCAPUNCU|Plaza de Armas N° 312
211005|PUNO|SAN ANTONIO DE PUTINA|SINA|MUNICIPALIDAD DISTRITAL DE SINA|Jr. Santa Cruz S/N
211101|PUNO|SAN ROMÁN|JULIACA|MUNICIPALIDAD PROVINCIAL DE JULIACA|Jr. Jáuregui N° 321
211102|PUNO|SAN ROMÁN|CABANA|MUNICIPALIDAD DISTRITAL DE CABANA|Jr. San Román S/N
211103|PUNO|SAN ROMÁN|CABANILLAS|MUNICIPALIDAD DISTRITAL DE CABANILLAS|Jr. Municipalidad N° 114 Km. 1
211104|PUNO|SAN ROMÁN|CARACOTO|MUNICIPALIDAD DISTRITAL DE CARACOTO|Jr. Arequipa N° 100
211105|PUNO|SAN ROMÁN|SAN MIGUEL|MUNICIPALIDAD DISTRITAL DE SAN MIGUEL|Av. El Triunfo N° 730
211201|PUNO|SANDIA|SANDIA|MUNICIPALIDAD PROVINCIAL DE SANDIA|Jr. Arica N° 420
211202|PUNO|SANDIA|CUYOCUYO|MUNICIPALIDAD DISTRITAL DE CUYOCUYO|Plaza de Armas S/N
211203|PUNO|SANDIA|LIMBANI|MUNICIPALIDAD DISTRITAL DE LIMBANI|Calle Ocho de Octubre S/N
211204|PUNO|SANDIA|PATAMBUCO|MUNICIPALIDAD DISTRITAL DE PATAMBUCO|Plaza de Armas S/N
211205|PUNO|SANDIA|PHARA|MUNICIPALIDAD DISTRITAL DE PHARA|Jr. Sucre S/N
211206|PUNO|SANDIA|QUIACA|MUNICIPALIDAD DISTRITAL DE QUIACA|Plaza de Armas S/N
211207|PUNO|SANDIA|SAN JUAN DEL ORO|MUNICIPALIDAD DISTRITAL DE SAN JUAN DEL ORO|Jr. Tambopata S/N
211208|PUNO|SANDIA|YANAHUAYA|MUNICIPALIDAD DISTRITAL DE YANAHUAYA|Plaza de Armas S/N
211209|PUNO|SANDIA|ALTO INAMBARI|MUNICIPALIDAD DISTRITAL DE ALTO INAMBARI|Av. Agricultura S/N
211210|PUNO|SANDIA|SAN PEDRO DE PUTINA PUNCO|MUNICIPALIDAD DISTRITAL DE SAN PEDRO DE PUTINA PUNCO|Av. Circunvalación S/N - Plaza de Armas
211301|PUNO|YUNGUYO|YUNGUYO|MUNICIPALIDAD PROVINCIAL DE YUNGUYO|Jr. Zepita N° 112 - Plaza de Armas
211302|PUNO|YUNGUYO|ANAPIA|MUNICIPALIDAD DISTRITAL DE ANAPIA|Av. Acuática S/N
211303|PUNO|YUNGUYO|COPANI|MUNICIPALIDAD DISTRITAL DE COPANI|Plaza de Armas S/N
211304|PUNO|YUNGUYO|CUTURAPI|MUNICIPALIDAD DISTRITAL DE CUTURAPI|Av. Unión S/N - Plaza de Armas
211305|PUNO|YUNGUYO|OLLARAYA|MUNICIPALIDAD DISTRITAL DE OLLARAYA|Av. San Miguel S/N Km. 15 - Plaza de Armas
211306|PUNO|YUNGUYO|TINICACHI|MUNICIPALIDAD DISTRITAL DE TINICACHI|Plaza de Armas S/N
211307|PUNO|YUNGUYO|UNICACHI|MUNICIPALIDAD DISTRITAL DE UNICACHI|Plaza de Armas S/N
220101|SAN MARTÍN|MOYOBAMBA|MOYOBAMBA|MUNICIPALIDAD PROVINCIAL DE MOYOBAMBA|Jr. Pedro Canga N° 262
220102|SAN MARTÍN|MOYOBAMBA|CALZADA|MUNICIPALIDAD DISTRITAL DE CALZADA|Av. Alfonso Ugarte N° 1010 Mz. 59 Lt. 11
220103|SAN MARTÍN|MOYOBAMBA|HABANA|MUNICIPALIDAD DISTRITAL DE HABANA|Jr. Bolívar N° 300
220104|SAN MARTÍN|MOYOBAMBA|JEPELACIO|MUNICIPALIDAD DISTRITAL DE JEPELACIO|Jr. 26 de Octubre N° 100
220105|SAN MARTÍN|MOYOBAMBA|SORITOR|MUNICIPALIDAD DISTRITAL DE SORITOR|Jr. Hipólito Rangel N° 510
220106|SAN MARTÍN|MOYOBAMBA|YANTALO|MUNICIPALIDAD DISTRITAL DE YANTALO|Jr. Libertad N° 357 Mz. 21 Lt. 1B
220201|SAN MARTÍN|BELLAVISTA|BELLAVISTA|MUNICIPALIDAD PROVINCIAL DE BELLAVISTA|Av. San Martín N° 681
220202|SAN MARTÍN|BELLAVISTA|ALTO BIAVO|MUNICIPALIDAD DISTRITAL DE ALTO BIAVO|Jr. José Olaya S/N Mz. 9 Lt. 3
220203|SAN MARTÍN|BELLAVISTA|BAJO BIAVO|MUNICIPALIDAD DISTRITAL DE BAJO BIAVO|Jr. Víctor Raúl Haya de La Torre S/N
220204|SAN MARTÍN|BELLAVISTA|HUALLAGA|MUNICIPALIDAD DISTRITAL DE HUALLAGA|Calle Yupanqui S/N Mz. 44 Lt. 7
220205|SAN MARTÍN|BELLAVISTA|SAN PABLO|MUNICIPALIDAD DISTRITAL DE SAN PABLO|Jr. Miguel Grau S/N - Plaza de Armas
220206|SAN MARTÍN|BELLAVISTA|SAN RAFAEL|MUNICIPALIDAD DISTRITAL DE SAN RAFAEL|Jr. Lima S/N
220301|SAN MARTÍN|EL DORADO|SAN JOSÉ DE SISA|MUNICIPALIDAD PROVINCIAL DE SAN JOSÉ DE SISA|Jr. Tacna N° 475
220302|SAN MARTÍN|EL DORADO|AGUA BLANCA|MUNICIPALIDAD DISTRITAL DE AGUA BLANCA|Jr. Óscar R. Benavides N° 321
220303|SAN MARTÍN|EL DORADO|SAN MARTÍN|MUNICIPALIDAD DISTRITAL DE SAN MARTÍN|Jr. Loreto N° 420 Mz. 18 Lt. 11
220304|SAN MARTÍN|EL DORADO|SANTA ROSA|MUNICIPALIDAD DISTRITAL DE SANTA ROSA|Jr. Víctor Andrés Belaunde S/N
220305|SAN MARTÍN|EL DORADO|SHATOJA|MUNICIPALIDAD DISTRITAL DE SHATOJA|Jr. Progreso S/N
220401|SAN MARTÍN|HUALLAGA|SAPOSOA|MUNICIPALIDAD PROVINCIAL DE SAPOSOA|Av. Loreto N° 415 Mz. 20 Lt. 4
220402|SAN MARTÍN|HUALLAGA|ALTO SAPOSOA|MUNICIPALIDAD DISTRITAL DE ALTO SAPOSOA|Av. Pasarraya S/N Mz. 30 Lt. 9
220403|SAN MARTÍN|HUALLAGA|EL ESLABÓN|MUNICIPALIDAD DISTRITAL DE EL ESLABÓN|Jr. Comercio N° 206 Mz. Z Lt. 1
220404|SAN MARTÍN|HUALLAGA|PISCOYACU|MUNICIPALIDAD DISTRITAL DE PISCOYACU|Jr. 28 de Julio Cuadra 3 S/N
220405|SAN MARTÍN|HUALLAGA|SACANCHE|MUNICIPALIDAD DISTRITAL DE SACANCHE|Calle Miguel Grau N° 320 Mz. 32 Lt. 1
220406|SAN MARTÍN|HUALLAGA|TINGO DE SAPOSOA|MUNICIPALIDAD DISTRITAL DE TINGO DE SAPOSOA|Calle Alfonso Ugarte S/N
220501|SAN MARTÍN|LAMAS|LAMAS|MUNICIPALIDAD PROVINCIAL DE LAMAS|Jr. Zósimo Rivas N° 282 Mz. 76 Lt. 11
220502|SAN MARTÍN|LAMAS|ALONSO DE ALVARADO|MUNICIPALIDAD DISTRITAL DE ALONSO DE ALVARADO|Jr. Moyobamba N° 478
220503|SAN MARTÍN|LAMAS|BARRANQUITA|MUNICIPALIDAD DISTRITAL DE BARRANQUITA|Jr. Florida S/N
220504|SAN MARTÍN|LAMAS|CAYNARACHI|MUNICIPALIDAD DISTRITAL DE CAYNARACHI|Jr. Manuel Prado S/N Mz. 44 Lt. 4
220505|SAN MARTÍN|LAMAS|CUÑUMBUQUI|MUNICIPALIDAD DISTRITAL DE CUÑUMBUQUI|Jr. Grau N° 118 Km. 2
220506|SAN MARTÍN|LAMAS|PINTO RECODO|MUNICIPALIDAD DISTRITAL DE PINTO RECODO|Jr. Lamas S/N
220507|SAN MARTÍN|LAMAS|RUMISAPA|MUNICIPALIDAD DISTRITAL DE RUMISAPA|Jr. San Martín N° 569 Mz. 18 Lt. 1
220508|SAN MARTÍN|LAMAS|SAN ROQUE DE CUMBAZA|MUNICIPALIDAD DISTRITAL DE SAN ROQUE DE CUMBAZA|Jr. Lima N° 305
220509|SAN MARTÍN|LAMAS|SHANAO|MUNICIPALIDAD DISTRITAL DE SHANAO|Jr. Eleodoro Pinedo Torres S/N - Plaza de Armas
220510|SAN MARTÍN|LAMAS|TABALOSOS|MUNICIPALIDAD DISTRITAL DE TABALOSOS|Jr. Iquitos S/N Mz. 82 Lt. 1 - Plaza Central
220511|SAN MARTÍN|LAMAS|ZAPATERO|MUNICIPALIDAD DISTRITAL DE ZAPATERO|Jr. Progreso S/N Mz. 32 Lt. 4 - Plaza de Armas
220601|SAN MARTÍN|MARISCAL CÁCERES|JUANJUÍ|MUNICIPALIDAD PROVINCIAL DE JUANJUÍ|Jr. Miguel Grau N° 337
220602|SAN MARTÍN|MARISCAL CÁCERES|CAMPANILLA|MUNICIPALIDAD DISTRITAL DE CAMPANILLA|Jr. Mariscal Castilla S/N Mz. 32 Lt. 1
220603|SAN MARTÍN|MARISCAL CÁCERES|HUICUNGO|MUNICIPALIDAD DISTRITAL DE HUICUNGO|Jr. Santa Rosa S/N Mz. 21 Lt. 1
220604|SAN MARTÍN|MARISCAL CÁCERES|PACHIZA|MUNICIPALIDAD DISTRITAL DE PACHIZA|Jr. Constitución S/N Mz. 37 Lt. 8
220605|SAN MARTÍN|MARISCAL CÁCERES|PAJARILLO|MUNICIPALIDAD DISTRITAL DE PAJARILLO|Jr. Progreso S/N Mz. 18 Lt. 1
220701|SAN MARTÍN|PICOTA|PICOTA|MUNICIPALIDAD PROVINCIAL DE PICOTA|Jr. Miguel Grau N° 396
220702|SAN MARTÍN|PICOTA|BUENOS AIRES|MUNICIPALIDAD DISTRITAL DE BUENOS AIRES|Jr. Tarapoto N° 430
220703|SAN MARTÍN|PICOTA|CASPISAPA|MUNICIPALIDAD DISTRITAL DE CASPISAPA|Jr. Manco Cápac S/N
220704|SAN MARTÍN|PICOTA|PILLUANA|MUNICIPALIDAD DISTRITAL DE PILLUANA|Jr. Lima S/N
220705|SAN MARTÍN|PICOTA|PUCACACA|MUNICIPALIDAD DISTRITAL DE PUCACACA|Jr. Arequipa N° 380
220706|SAN MARTÍN|PICOTA|SAN CRISTÓBAL|MUNICIPALIDAD DISTRITAL DE SAN CRISTÓBAL|Jr. Comercio S/N Mz. 8 Lt. 13 Km. 76
220707|SAN MARTÍN|PICOTA|SAN HILARIÓN|MUNICIPALIDAD DISTRITAL DE SAN HILARIÓN|Jr. Francisco Bolognesi N° 430 Mz. 27 Lt. 15
220708|SAN MARTÍN|PICOTA|SHAMBOYACU|MUNICIPALIDAD DISTRITAL DE SHAMBOYACU|Jr. Ricardo Palma S/N
220709|SAN MARTÍN|PICOTA|TINGO DE PONASA|MUNICIPALIDAD DISTRITAL DE TINGO DE PONASA|Jr. Manuel Prado N° 202 Mz. 14 Lt. 2 - Plaza de Armas
220710|SAN MARTÍN|PICOTA|TRES UNIDOS|MUNICIPALIDAD DISTRITAL DE TRES UNIDOS|Jr. Ucayali N° 110 Mz. 38 Lt. 7
220801|SAN MARTÍN|RIOJA|RIOJA|MUNICIPALIDAD PROVINCIAL DE RIOJA|Jr. San Martín N° 1000
220802|SAN MARTÍN|RIOJA|AWAJUN|MUNICIPALIDAD DISTRITAL DE AWAJUN|Jr. Awajun N° 185 Mz. H Lt. 1
220803|SAN MARTÍN|RIOJA|ELIAS SOPLÍN VARGAS|MUNICIPALIDAD DISTRITAL DE ELIAS SOPLÍN VARGAS|Av. Galilea N° 452 Mz. 25 Lt. 13
220804|SAN MARTÍN|RIOJA|NUEVA CAJAMARCA|MUNICIPALIDAD DISTRITAL DE NUEVA CAJAMARCA|Jr. Huallaga con Bolognesi N° 103
220805|SAN MARTÍN|RIOJA|PARDO MIGUEL|MUNICIPALIDAD DISTRITAL DE PARDO MIGUEL|Av. Pardo Miguel N° 600
220806|SAN MARTÍN|RIOJA|POSIC|MUNICIPALIDAD DISTRITAL DE POSIC|Av. Rioja S/N Mz. 26 Lt. 3 Km. 4
220807|SAN MARTÍN|RIOJA|SAN FERNANDO|MUNICIPALIDAD DISTRITAL DE SAN FERNANDO|Av. Miguel Grau S/N Mz. 41 Lt. 1
220808|SAN MARTÍN|RIOJA|YORONGOS|MUNICIPALIDAD DISTRITAL DE YORONGOS|Av. Rioja S/N - Plaza de Armas
220809|SAN MARTÍN|RIOJA|YURACYACU|MUNICIPALIDAD DISTRITAL DE YURACYACU|Jr. San Francisco N° 308
220901|SAN MARTÍN|SAN MARTÍN|TARAPOTO|MUNICIPALIDAD PROVINCIAL DE TARAPOTO|Jr. Gregorio Delgado N° 260
220902|SAN MARTÍN|SAN MARTÍN|ALBERTO LEVEAU|MUNICIPALIDAD DISTRITAL DE ALBERTO LEVEAU|Jr. San Martín S/N Mz. 12 Lt. 12 Km. 37
220903|SAN MARTÍN|SAN MARTÍN|CACATACHI|MUNICIPALIDAD DISTRITAL DE CACATACHI|Jr. San Martín N° 690 Mz. 26 Lt. 1
220904|SAN MARTÍN|SAN MARTÍN|CHAZUTA|MUNICIPALIDAD DISTRITAL DE CHAZUTA|Plaza de Armas N° 123
220905|SAN MARTÍN|SAN MARTÍN|CHIPURANA|MUNICIPALIDAD DISTRITAL DE CHIPURANA|Pasaje 28 de Julio S/N - Plaza de Armas
220906|SAN MARTÍN|SAN MARTÍN|EL PORVENIR|MUNICIPALIDAD DISTRITAL DE EL PORVENIR|Jr. 28 de Julio S/N Mz. 20 Lt. 4
220907|SAN MARTÍN|SAN MARTÍN|HUIMBAYOC|MUNICIPALIDAD DISTRITAL DE HUIMBAYOC|Jr. Progreso N° 102
220908|SAN MARTÍN|SAN MARTÍN|JUAN GUERRA|MUNICIPALIDAD DISTRITAL DE JUAN GUERRA|Jr. Arequipa N° 981
220909|SAN MARTÍN|SAN MARTÍN|LA BANDA DE SHILCAYO|MUNICIPALIDAD DISTRITAL DE LA BANDA DE SHILCAYO|Jr. Yurimaguas N° 340
220910|SAN MARTÍN|SAN MARTÍN|MORALES|MUNICIPALIDAD DISTRITAL DE MORALES|Jr. Tarapoto N° 136
220911|SAN MARTÍN|SAN MARTÍN|PAPAPLAYA|MUNICIPALIDAD DISTRITAL DE PAPAPLAYA|Jr. Huallaga S/N Mz. 9 Lt. 14
220912|SAN MARTÍN|SAN MARTÍN|SAN ANTONIO|MUNICIPALIDAD DISTRITAL DE SAN ANTONIO|Jr. Bolognesi N° 129 Mz. 35
220913|SAN MARTÍN|SAN MARTÍN|SAUCE|MUNICIPALIDAD DISTRITAL DE SAUCE|Jr. Dos de Mayo N° 310
220914|SAN MARTÍN|SAN MARTÍN|SHAPAJA|MUNICIPALIDAD DISTRITAL DE SHAPAJA|Jr. Marañón N° 8
221001|SAN MARTÍN|TOCACHE|TOCACHE|MUNICIPALIDAD PROVINCIAL DE TOCACHE|Jr. Progreso N° 198
221002|SAN MARTÍN|TOCACHE|NUEVO PROGRESO|MUNICIPALIDAD DISTRITAL DE NUEVO PROGRESO|Jr. Sargento Lores N° 229
221003|SAN MARTÍN|TOCACHE|PÓLVORA|MUNICIPALIDAD DISTRITAL DE PÓLVORA|Jr. Los Olivos S/N - Plaza de Armas
221004|SAN MARTÍN|TOCACHE|SHUNTE|MUNICIPALIDAD DISTRITAL DE SHUNTE|Jr. Atahualpa S/N
221005|SAN MARTÍN|TOCACHE|UCHIZA|MUNICIPALIDAD DISTRITAL DE UCHIZA|Av. Atahualpa N° 920
221006|SAN MARTÍN|TOCACHE|SANTA LUCIA|MUNICIPALIDAD DISTRITAL DE SANTA LUCIA|Jr. Los Nogales N° 310
230101|TACNA|TACNA|TACNA|MUNICIPALIDAD PROVINCIAL DE TACNA|Calle Inclán N° 404
230102|TACNA|TACNA|ALTO DE LA ALIANZA|MUNICIPALIDAD DISTRITAL DE ALTO DE LA ALIANZA|Av. Prolongación Pinto N° 1337
230103|TACNA|TACNA|CALANA|MUNICIPALIDAD DISTRITAL DE CALANA|Av. General Varela S/N
230104|TACNA|TACNA|CIUDAD NUEVA|MUNICIPALIDAD DISTRITAL DE CIUDAD NUEVA|Calle Manuel Lorenzo de Vidaurre N° 448
230105|TACNA|TACNA|INCLÁN|MUNICIPALIDAD DISTRITAL DE INCLÁN|Carretera Alto Rayo S/N
230106|TACNA|TACNA|PACHIA|MUNICIPALIDAD DISTRITAL DE PACHIA|Av. Arias Aragüez S/N
230107|TACNA|TACNA|PALCA|MUNICIPALIDAD DISTRITAL DE PALCA|Carretera Tacna - Colpa - La Paz Km. 52
230108|TACNA|TACNA|POCOLLAY|MUNICIPALIDAD DISTRITAL DE POCOLLAY|Calle Hermanos Reynoso N° 15
230109|TACNA|TACNA|SAMA|MUNICIPALIDAD DISTRITAL DE SAMA|Av. Los Héroes de La Guerra del Pacífico N° 101
230110|TACNA|TACNA|CORONEL GREGORIO ALBARRACIN LANCHIPA|MUNICIPALIDAD DISTRITAL DE CORONEL GREGORIO ALBARRACIN LANCHIPA|Av. Municipal N° 12
230111|TACNA|TACNA|LA YARADA LOS PALOS|MUNICIPALIDAD DISTRITAL DE LA YARADA LOS PALOS|Av. Miguel Grau S/N Mz. 1 Lt. 1
230201|TACNA|CANDARAVE|CANDARAVE|MUNICIPALIDAD PROVINCIAL DE CANDARAVE|Calle Triunfo N° 111
230202|TACNA|CANDARAVE|CAIRANI|MUNICIPALIDAD DISTRITAL DE CAIRANI|Calle Principal S/N
230203|TACNA|CANDARAVE|CAMILACA|MUNICIPALIDAD DISTRITAL DE CAMILACA|Plaza de Armas S/N
230204|TACNA|CANDARAVE|CURIBAYA|MUNICIPALIDAD DISTRITAL DE CURIBAYA|Plaza de Armas N° 100
230205|TACNA|CANDARAVE|HUANUARA|MUNICIPALIDAD DISTRITAL DE HUANUARA|Calle Eloy G. Ureta S/N
230206|TACNA|CANDARAVE|QUILAHUANI|MUNICIPALIDAD DISTRITAL DE QUILAHUANI|Av. San Martín S/N
230301|TACNA|JORGE BASADRE|LOCUMBA|MUNICIPALIDAD PROVINCIAL DE LOCUMBA|Calle Sucre S/N - Plaza Principal
230302|TACNA|JORGE BASADRE|ILABAYA|MUNICIPALIDAD DISTRITAL DE ILABAYA|Calle Simón Bolívar N° 217
230303|TACNA|JORGE BASADRE|ITE|MUNICIPALIDAD DISTRITAL DE ITE|Calle 12 de Junio S/N
230401|TACNA|TARATA|TARATA|MUNICIPALIDAD PROVINCIAL DE TARATA|Calle Grau S/N
230402|TACNA|TARATA|HÉROES ALBARRACÍN|MUNICIPALIDAD DISTRITAL DE HÉROES ALBARRACÍN|Calle Peru N° 981
230403|TACNA|TARATA|ESTIQUE|MUNICIPALIDAD DISTRITAL DE ESTIQUE|Plaza Principal S/N
230404|TACNA|TARATA|ESTIQUE-PAMPA|MUNICIPALIDAD DISTRITAL DE ESTIQUE-PAMPA|Calle San Martín S/N
230405|TACNA|TARATA|SITAJARA|MUNICIPALIDAD DISTRITAL DE SITAJARA|Calle San Martín S/N
230406|TACNA|TARATA|SUSAPAYA|MUNICIPALIDAD DISTRITAL DE SUSAPAYA|Calle Bolognesi N° 4
230407|TACNA|TARATA|TARUCACHI|MUNICIPALIDAD DISTRITAL DE TARUCACHI|Calle 28 de Julio S/N
230408|TACNA|TARATA|TICACO|MUNICIPALIDAD DISTRITAL DE TICACO|Calle Augusto B. Leguía S/N
240101|TUMBES|TUMBES|TUMBES|MUNICIPALIDAD PROVINCIAL DE TUMBES|Jr. Bolognesi N° 194
240102|TUMBES|TUMBES|CORRALES|MUNICIPALIDAD DISTRITAL DE CORRALES|Jr. San Pedro N° 480
240103|TUMBES|TUMBES|LA CRUZ|MUNICIPALIDAD DISTRITAL DE LA CRUZ|Calle Piura N° 228
240104|TUMBES|TUMBES|PAMPAS DE HOSPITAL|MUNICIPALIDAD DISTRITAL DE PAMPAS DE HOSPITAL|Plaza de Armas N° 131 Mz. 1 Lt. 1 Km. 16
240105|TUMBES|TUMBES|SAN JACINTO|MUNICIPALIDAD DISTRITAL DE SAN JACINTO|Plaza San Martín N° 550
240106|TUMBES|TUMBES|SAN JUAN DE LA VIRGEN|MUNICIPALIDAD DISTRITAL DE SAN JUAN DE LA VIRGEN|Calle Francisco Ibáñez N° 118 Mz. 28 Lt. 1
240201|TUMBES|CONTRALMIRANTE VILLAR|ZORRITOS|MUNICIPALIDAD PROVINCIAL DE ZORRITOS|Av. Faustino Piaggio N° 72
240202|TUMBES|CONTRALMIRANTE VILLAR|CASITAS|MUNICIPALIDAD DISTRITAL DE CASITAS|Av. Joaquín Rujel N° 112
240203|TUMBES|CONTRALMIRANTE VILLAR|CANOAS DE PUNTA SAL|MUNICIPALIDAD DISTRITAL DE CANOAS DE PUNTA SAL|Av. Villa Cancas Parte Alta S/N Km. 10
240301|TUMBES|ZARUMILLA|ZARUMILLA|MUNICIPALIDAD PROVINCIAL DE ZARUMILLA|Av. 28 de Julio N° 206
240302|TUMBES|ZARUMILLA|AGUAS VERDES|MUNICIPALIDAD DISTRITAL DE AGUAS VERDES|Av. República del Perú N° 339
240303|TUMBES|ZARUMILLA|MATAPALO|MUNICIPALIDAD DISTRITAL DE MATAPALO|Av. Zarumilla S/N
240304|TUMBES|ZARUMILLA|PAPAYAL|MUNICIPALIDAD DISTRITAL DE PAPAYAL|Av. Ramón Castilla N° 203
250101|UCAYALI|CORONEL PORTILLO|CALLERIA|MUNICIPALIDAD PROVINCIAL DE CALLERIA|Jr. Tacna N° 480
250102|UCAYALI|CORONEL PORTILLO|CAMPOVERDE|MUNICIPALIDAD DISTRITAL DE CAMPOVERDE|Calle Municipal N° 139 Mz. 72 Lt. 1
250103|UCAYALI|CORONEL PORTILLO|IPARIA|MUNICIPALIDAD DISTRITAL DE IPARIA|Jr. Emilio Vásquez S/N - Plaza de Armas
250104|UCAYALI|CORONEL PORTILLO|MASISEA|MUNICIPALIDAD DISTRITAL DE MASISEA|Av. Garcilazo de La Vega S/N Mz. 22 Lt. 3
250105|UCAYALI|CORONEL PORTILLO|YARINACOCHA|MUNICIPALIDAD DISTRITAL DE YARINACOCHA|Jr. Dos de Mayo N° 277
250106|UCAYALI|CORONEL PORTILLO|NUEVA REQUENA|MUNICIPALIDAD DISTRITAL DE NUEVA REQUENA|Av. Lester Dionicio Maldonado S/N Mz. A4 Lt. 1 Km. 21
250107|UCAYALI|CORONEL PORTILLO|MANANTAY|MUNICIPALIDAD DISTRITAL DE MANANTAY|Av. Túpac Amaru N° 703
250201|UCAYALI|ATALAYA|RAIMONDI|MUNICIPALIDAD PROVINCIAL DE RAIMONDI|Calle Rioja N° 659
250202|UCAYALI|ATALAYA|SEPAHUA|MUNICIPALIDAD DISTRITAL DE SEPAHUA|Jr. Seminario S/N
250203|UCAYALI|ATALAYA|TAHUANIA|MUNICIPALIDAD DISTRITAL DE TAHUANIA|Jr. 7 de Junio S/N Mz. 51 Lt. 1
250204|UCAYALI|ATALAYA|YURUA|MUNICIPALIDAD DISTRITAL DE YURUA|Av. Internacional S/N Mz. 22 Lt. 2
250301|UCAYALI|PADRE ABAD|PADRE ABAD|MUNICIPALIDAD PROVINCIAL DE PADRE ABAD|Av. Simón Bolívar N° 536 Jr. Saposoa S/N con Jr.
250302|UCAYALI|PADRE ABAD|IRAZOLA|MUNICIPALIDAD DISTRITAL DE IRAZOLA|Progreso S/N - San Alejandro Km. 111
250303|UCAYALI|PADRE ABAD|CURIMANÁ|MUNICIPALIDAD DISTRITAL DE CURIMANÁ|Jr. Fujimori S/N Mz. 26C Lt. 1
250304|UCAYALI|PADRE ABAD|NESHUYA|MUNICIPALIDAD DISTRITAL DE NESHUYA|Av. Neshuya N° 4 con Jr. Miguel Grau S/N
250305|UCAYALI|PADRE ABAD|ALEXANDER VON HUMBOLDT|MUNICIPALIDAD DISTRITAL DE ALEXANDER VON HUMBOLDT|Av. Perú Mz. 9 Lt. 6 Km. 86
250306|UCAYALI|PADRE ABAD|HUIPOCA|MUNICIPALIDAD DISTRITAL DE HUIPOCA|Jr. Saúl Ríos S/N Mz. K Lt. 1
250307|UCAYALI|PADRE ABAD|BOQUERON|MUNICIPALIDAD DISTRITAL DE BOQUERON|Calle La Republica S/N Mz. 6 Lt. 1
250401|UCAYALI|PURÚS|PURÚS|MUNICIPALIDAD PROVINCIAL DE PURÚS|Av. Luis Muñoz Nadal S/N
